Workbook
Name Slicer_IQ_Status: #N/A
Name Slicer_JENIS_PENILAIAN: #N/A
Name Slicer_JENIS_PENILAIAN1: #N/A
Name Slicer_KATEGORI_PENILAIAN: #N/A
Name Slicer_KATEGORI_PENILAIAN2: #N/A
Name Slicer_KATEGORI_PENILAIAN3: #N/A
Name Slicer_KATEGORI_PENILAIAN4: #N/A
Name Slicer_KELAS: #N/A
Name Slicer_KELAS1: #N/A
Name Slicer_KELAS10: #N/A
Name Slicer_KELAS11: #N/A
Name Slicer_KELAS12: #N/A
Name Slicer_KELAS13: #N/A
Name Slicer_KELAS14: #N/A
Name Slicer_KELAS15: #N/A
Name Slicer_KELAS2: #N/A
Name Slicer_KELAS3: #N/A
Name Slicer_KELAS4: #N/A
Name Slicer_KELAS5: #N/A
Name Slicer_KELAS6: #N/A
Name Slicer_KELAS7: #N/A
Name Slicer_KELAS8: #N/A
Name Slicer_KELAS9: #N/A
Name Slicer_KETERANGAN_MATERI: #N/A
Name Slicer_Mapel_TDU: #N/A
Name Slicer_Mapel_TDU1: #N/A
Name Slicer_Mapel_TDU2: #N/A
Name Slicer_Mapel_TDU3: #N/A
Name Slicer_Mapel_TDU4: #N/A
Name Slicer_Mapel_TDU5: #N/A
Name Slicer_Mapel_TDU6: #N/A
Name Slicer_Mapel_TDU7: #N/A
Name Slicer_Mapel_TDU8: #N/A
Name Slicer_Mapel_TDU9: #N/A
Name Slicer_Month: #N/A
Name Slicer_Month1: #N/A
Name Slicer_Month10: #N/A
Name Slicer_Month11: #N/A
Name Slicer_Month12: #N/A
Name Slicer_Month13: #N/A
Name Slicer_Month14: #N/A
Name Slicer_Month15: #N/A
Name Slicer_Month16: #N/A
Name Slicer_Month17: #N/A
Name Slicer_Month18: #N/A
Name Slicer_Month19: #N/A
Name Slicer_Month2: #N/A
Name Slicer_Month20: #N/A
Name Slicer_Month21: #N/A
Name Slicer_Month22: #N/A
Name Slicer_Month23: #N/A
Name Slicer_Month3: #N/A
Name Slicer_Month6: #N/A
Name Slicer_Month7: #N/A
Name Slicer_Month9: #N/A
Name Slicer_NAMA: #N/A
Name Slicer_NAMA1: #N/A
Name Slicer_NAMA2: #N/A
Name Slicer_NAMA3: #N/A
Name Slicer_NAMA4: #N/A

Sheet HPL
AE1: Count of Predikat | AH1: Predikat
AE2: KELAS | AF2: Mapel TDU | AG2: Month | AH2: Sangat baik | AI2: Baik | AJ2: Cukup | AK2: Kurang
A3: Row Labels | B3: Count of Predikat | AE3: 12A | AF3: B.Indo | AG3: Jan | AH3: 0.055555556 | AI3: 0.55555556 | AJ3: 0.38888889 | AK3: 0
A4: Sangat baik | B4: 0.054521277 | AG4: Feb | AH4: 0 | AI4: 1 | AJ4: 0 | AK4: 0
A5: Baik | B5: 0.21985816 | AF5: Biologi | AG5: Jan | AH5: 0.11111111 | AI5: 0.33333333 | AJ5: 0.33333333 | AK5: 0.22222222
A6: Cukup | B6: 0.52393617 | AF6: TIK | AG6: Jan | AH6: 0 | AI6: 0.14285714 | AJ6: 0.31746032 | AK6: 0.53968254
A7: Kurang | B7: 0.2016844 | AG7: Feb | AH7: 0 | AI7: 0.25925926 | AJ7: 0.074074074 | AK7: 0.66666667
A8: Grand Total | B8: 1 | AF8: Kimia | AG8: Jan | AH8: 0.037037037 | AI8: 0.25925926 | AJ8: 0.48148148 | AK8: 0.22222222
AG9: Feb | AH9: 0 | AI9: 0 | AJ9: 0.11111111 | AK9: 0.88888889
AF10: Math | AG10: Jan | AH10: 0.41860465 | AI10: 0.11627907 | AJ10: 0.046511628 | AK10: 0.41860465
AG11: Feb | AH11: 0.5 | AI11: 0.14285714 | AJ11: 0.095238095 | AK11: 0.26190476
AF12: Kopi | AG12: Jan | AH12: 0 | AI12: 1 | AJ12: 0 | AK12: 0
AF13: B.Ing | AG13: Jan | AH13: 0 | AI13: 0.12962963 | AJ13: 0.46296296 | AK13: 0.40740741
AG14: Feb | AH14: 0 | AI14: 0.16666667 | AJ14: 0.41666667 | AK14: 0.41666667
AF15: Pancasila | AG15: Jan | AH15: 0 | AI15: 0.14285714 | AJ15: 0.75324675 | AK15: 0.1038961
AG16: Feb | AH16: 0 | AI16: 0.22222222 | AJ16: 0.73015873 | AK16: 0.047619048
AF17: Sejarah | AG17: Jan | AH17: 0.0074074074 | AI17: 0.11111111 | AJ17: 0.76296296 | AK17: 0.11851852
A18: KELAS | B18: 11A | AG18: Feb | AH18: 0.02020202 | AI18: 0.21212121 | AJ18: 0.65656566 | AK18: 0.11111111
AF19: PKWU | AG19: Jan | AH19: 0 | AI19: 1 | AJ19: 0 | AK19: 0
A20: Row Labels | B20: Count of Predikat | AF20: Fisika | AG20: Feb | AH20: 0 | AI20: 0.11111111 | AJ20: 0.44444444 | AK20: 0.44444444
A21: Sangat baik | B21: 0.054035088 | AF21: A.Katolik | AG21: Jan | AH21: 0 | AI21: 1 | AJ21: 0 | AK21: 0
A22: Baik | B22: 0.19438596 | AG22: Feb | AH22: 0 | AI22: 1 | AJ22: 0 | AK22: 0
A23: Cukup | B23: 0.55578947 | AF23: A.Kristen | AG23: Jan | AH23: 0.041666667 | AI23: 0.25 | AJ23: 0.70833333 | AK23: 0
A24: Kurang | B24: 0.19578947 | AG24: Feb | AH24: 0 | AI24: 0.375 | AJ24: 0.625 | AK24: 0
A25: Grand Total | B25: 1
A36: KELAS | B36: 11A
A38: Row Labels | B38: Count of Predikat
A39: Sangat baik | B39: 0.054035088
A40: Baik | B40: 0.19438596
A41: Cukup | B41: 0.55578947
A42: Kurang | B42: 0.19578947
A43: Grand Total | B43: 1
A55: KELAS | B55: 12A
A57: Row Labels | B57: Count of Predikat
A58: Sangat baik | B58: 0.055354994
A59: Baik | B59: 0.26353791
A60: Cukup | B60: 0.46931408
A61: Kurang | B61: 0.21179302
A62: Grand Total | B62: 1

Sheet progmat
A1: Average of MatKls
A2: KELAS | B2: Mapel TDU | C2: Month | D2: KETERANGAN MATERI | E2: Total
AA38: Average of MatKls
AA39: KELAS | AB39: NAMA | AC39: Mapel TDU | AD39: KETERANGAN MATERI | AE39: Month | AF39: Total

Sheet rerata nilai
A1: KATEGORI PENILAIAN | B1: (All) | AD1: Values
Z2: KELAS | AA2: Mapel TDU | AB2: Month | AC2: KATEGORI PENILAIAN | AD2: Average of Nilai2 | AE2: Average of KKM
D3: Values | Z3: 11A | AA3: B.Indo | AB3: Jan | AC3: Minat | AD3: 69.090909 | AE3: 65
A4: KELAS | B4: Mapel TDU | C4: Month | D4: Average of Nilai2 | E4: Average of KKM | AC4: Karakter | AD4: 69.772727 | AE4: 65
A5: 11A | B5: B.Indo | C5: Jan | D5: 65.518717 | E5: 65 | AC5: Teori | AD5: 60.254545 | AE5: 65
C6: Feb | D6: 69.572727 | E6: 65 | AC6: Nalar | AD6: 64.272727 | AE6: 65
B7: Biologi | C7: Jan | D7: 80.666667 | E7: 65 | AB7: Feb | AC7: Minat | AD7: 71.272727 | AE7: 65
B8: TIK | C8: Jan | D8: 64.315068 | E8: 65 | AC8: Karakter | AD8: 71.136364 | AE8: 65
C9: Feb | D9: 63.212121 | E9: 65 | AC9: Teori | AD9: 67.848485 | AE9: 65
B10: Kimia | C10: Jan | D10: 71.458333 | E10: 65 | AC10: Nalar | AD10: 69.121212 | AE10: 65
C11: Feb | D11: 73.125 | E11: 65 | AA11: Biologi | AB11: Jan | AC11: Teori | AD11: 80.666667 | AE11: 65
B12: Math | C12: Jan | D12: 65.191011 | E12: 65 | AA12: TIK | AB12: Jan | AC12: Minat | AD12: 70 | AE12: 65
C13: Feb | D13: 70.709091 | E13: 65 | AC13: Karakter | AD13: 73.181818 | AE13: 65
B14: Kopi | C14: Jan | D14: 70.75 | E14: 65 | AC14: Teori | AD14: 61.25 | AE14: 65
C15: Feb | D15: 78 | E15: 65 | AC15: Nalar | AD15: 60.909091 | AE15: 65
B16: B.Ing | C16: Jan | D16: 50.372093 | E16: 65 | AC16: Skill | AD16: 61.25 | AE16: 65
C17: Feb | D17: 60.685185 | E17: 65 | AB17: Feb | AC17: Karakter | AD17: 74.545455 | AE17: 65
B18: Pancasila | C18: Jan | D18: 73.902174 | E18: 65 | AC18: Teori | AD18: 56.727273 | AE18: 65
C19: Feb | D19: 73.288462 | E19: 65 | AC19: Skill | AD19: 58.363636 | AE19: 65
B20: Sejarah | C20: Jan | D20: 72.424242 | E20: 65 | AA20: Kimia | AB20: Jan | AC20: Nalar | AD20: 66.25 | AE20: 65
C21: Feb | D21: 69.126126 | E21: 65 | AC21: Skill | AD21: 76.666667 | AE21: 65
B22: PKWU | C22: Jan | D22: 80.8 | E22: 65 | AB22: Feb | AC22: Teori | AD22: 73.125 | AE22: 65
C23: Feb | D23: 78.561404 | E23: 65 | AA23: Math | AB23: Jan | AC23: Karakter | AD23: 78.75 | AE23: 65
B24: Fisika | C24: Feb | D24: 70.904762 | E24: 65 | AC24: Teori | AD24: 61.26087 | AE24: 65
B25: Tepung | C25: Jan | D25: 87.5 | E25: 65 | AB25: Feb | AC25: Teori | AD25: 70.709091 | AE25: 65
C26: Feb | D26: 78.615385 | E26: 65 | AA26: Kopi | AB26: Jan | AC26: Skill | AD26: 70.75 | AE26: 65
AB27: Feb | AC27: Skill | AD27: 78 | AE27: 65
AA28: B.Ing | AB28: Jan | AC28: Karakter | AD28: 70.833333 | AE28: 65
AC29: Teori | AD29: 47.8 | AE29: 65
AC30: Nalar | AD30: 24.8 | AE30: 65
AC31: Skill | AD31: 43.181818 | AE31: 65
AB32: Feb | AC32: Teori | AD32: 59.28125 | AE32: 65
AC33: Skill | AD33: 62.727273 | AE33: 65
AA34: Pancasila | AB34: Jan | AC34: Minat | AD34: 71.826087 | AE34: 65
AC35: Karakter | AD35: 76.130435 | AE35: 65
AC36: Teori | AD36: 74.73913 | AE36: 65
AC37: Nalar | AD37: 72.913043 | AE37: 65
AB38: Feb | AC38: Minat | AD38: 75.75 | AE38: 65
AC39: Karakter | AD39: 75.75 | AE39: 65
AC40: Teori | AD40: 73.066667 | AE40: 65
AC41: Nalar | AD41: 75.583333 | AE41: 65
AC42: Skill | AD42: 69.956522 | AE42: 65
AA43: Sejarah | AB43: Jan | AC43: Minat | AD43: 69.393939 | AE43: 65
AC44: Karakter | AD44: 79.333333 | AE44: 65
AC45: Teori | AD45: 72.272727 | AE45: 65
AC46: Nalar | AD46: 68.69697 | AE46: 65
AB47: Feb | AC47: Minat | AD47: 67 | AE47: 65
AC48: Karakter | AD48: 70.470588 | AE48: 65
AC49: Teori | AD49: 69.363636 | AE49: 65
AC50: Nalar | AD50: 68.818182 | AE50: 65
AA51: PKWU | AB51: Jan | AC51: Karakter | AD51: 100 | AE51: 65
AC52: Teori | AD52: 85 | AE52: 65
AC53: Skill | AD53: 77.875 | AE53: 65
AB54: Feb | AC54: Teori | AD54: 78.588235 | AE54: 65
AC55: Nalar | AD55: 78 | AE55: 65
AC56: Skill | AD56: 78.647059 | AE56: 65
AA57: Fisika | AB57: Feb | AC57: Teori | AD57: 70.904762 | AE57: 65
AA58: Tepung | AB58: Jan | AC58: Karakter | AD58: 100 | AE58: 65
AC59: Teori | AD59: 85 | AE59: 65
AC60: Skill | AD60: 85 | AE60: 65
AB61: Feb | AC61: Teori | AD61: 78.588235 | AE61: 65
AC62: Nalar | AD62: 78 | AE62: 65
AC63: Skill | AD63: 78.758621 | AE63: 65

Sheet rerata siswa
A1: KATEGORI PENILAIAN | B1: (All) | AI1: Values
AC2: KELAS | AD2: NAMA | AE2: Mapel TDU | AF2: KATEGORI PENILAIAN | AG2: JENIS PENILAIAN | AH2: Month | AI2: Average of Nilai2 | AJ2: Average of KKM
E3: Values | AC3: 11A | AD3: Agustinus Tipagau | AE3: B.Indo | AF3: Minat | AG3: Fokus, aktif berpartisipasi dan bertanya atau menanggapi | AH3: Jan | AI3: 68.5 | AJ3: 65
A4: KELAS | B4: NAMA | C4: Mapel TDU | D4: Month | E4: Average of Nilai2 | F4: Average of KKM | AH4: Feb | AI4: 70 | AJ4: 65
A5: 11A | B5: Agustinus Tipagau | C5: Math | D5: Jan | E5: 68 | F5: 65 | AF5: Karakter | AG5: Mandiri | AH5: Jan | AI5: 70 | AJ5: 65
D6: Feb | E6: 81.4 | F6: 65 | AH6: Feb | AI6: 67.5 | AJ6: 65
B7: Apia Miagoni | C7: Math | D7: Jan | E7: 69 | F7: 65 | AF7: Teori | AG7: Kognitif Formatif | AH7: Jan | AI7: 68.75 | AJ7: 65
D8: Feb | E8: 73.2 | F8: 65 | AH8: Feb | AI8: 66.333333 | AJ8: 65
B9: Etty Ebrata Holombau | C9: Math | D9: Jan | E9: 67.222222 | F9: 65 | AG9: Kognitif Sumatif | AH9: Jan | AI9: 10 | AJ9: 65
D10: Feb | E10: 82.6 | F10: 65 | AF10: Nalar | AG10: Evaluasi | AH10: Jan | AI10: 65 | AJ10: 65
B11: Jonias Bagau | C11: Math | D11: Jan | E11: 55 | F11: 65 | AH11: Feb | AI11: 65.666667 | AJ11: 65
D12: Feb | E12: 73.6 | F12: 65 | AG12: Analisa | AH12: Jan | AI12: 68 | AJ12: 65
B13: Jupiten Bagau | C13: Math | D13: Jan | E13: 47.857143 | F13: 65 | AE13: Biologi | AF13: Teori | AG13: Kognitif Formatif | AH13: Jan | AI13: 40 | AJ13: 65
D14: Feb | E14: 63.6 | F14: 65 | AE14: TIK | AF14: Minat | AG14: Fokus, aktif berpartisipasi dan bertanya atau menanggapi | AH14: Jan | AI14: 65 | AJ14: 65
B15: Lince Tigi | C15: Math | D15: Jan | E15: 83.888889 | F15: 65 | AF15: Karakter | AG15: Beriman, bertakwa kepada Tuhan YME dan berakhlak mulia | AH15: Jan | AI15: 70 | AJ15: 65
D16: Feb | E16: 89.6 | F16: 65 | AH16: Feb | AI16: 75 | AJ16: 65
B17: Lovin Miagoni | C17: Math | D17: Jan | E17: 58.75 | F17: 65 | AF17: Teori | AG17: Praktik Formatif | AH17: Jan | AI17: 60 | AJ17: 65
D18: Feb | E18: 30 | F18: 65 | AH18: Feb | AI18: 50 | AJ18: 65
B19: Onance Mbaguau | C19: Math | D19: Jan | E19: 70 | F19: 65 | AF19: Nalar | AG19: Kreasi | AH19: Jan | AI19: 60 | AJ19: 65
D20: Feb | E20: 65 | F20: 65 | AF20: Skill | AG20: Konsep | AH20: Jan | AI20: 60 | AJ20: 65
B21: Roison Sondegau | C21: Math | D21: Jan | E21: 70 | F21: 65 | AH21: Feb | AI21: 55 | AJ21: 65
D22: Feb | E22: 76.8 | F22: 65 | AE22: Kimia | AF22: Teori | AG22: Kognitif Formatif | AH22: Feb | AI22: 66 | AJ22: 65
B23: Wenes Tapani | C23: Math | D23: Jan | E23: 65.111111 | F23: 65 | AF23: Nalar | AG23: Analisa | AH23: Jan | AI23: 70 | AJ23: 65
D24: Feb | E24: 66.2 | F24: 65 | AF24: Skill | AG24: Discovery | AH24: Jan | AI24: 65 | AJ24: 65
B25: Yoas Bagau | C25: Math | D25: Jan | E25: 51.428571 | F25: 65 | AE25: Math | AF25: Karakter | AG25: Beriman, bertakwa kepada Tuhan YME dan berakhlak mulia | AH25: Jan | AI25: 90 | AJ25: 65
D26: Feb | E26: 75.8 | F26: 65 | AF26: Teori | AG26: Kognitif Formatif | AH26: Jan | AI26: 62.5 | AJ26: 65
B27: Yohanes Bagau | C27: Math | D27: Jan | E27: 70 | F27: 65 | AH27: Feb | AI27: 81.4 | AJ27: 65
AE28: Kopi | AF28: Skill | AG28: Konsep | AH28: Jan | AI28: 65 | AJ28: 65
AH29: Feb | AI29: 80 | AJ29: 65
AG30: Rencana Sukses | AH30: Jan | AI30: 80 | AJ30: 65
AE31: B.Ing | AF31: Karakter | AG31: Mandiri | AH31: Jan | AI31: 30 | AJ31: 65
AG32: Beriman, bertakwa kepada Tuhan YME dan berakhlak mulia | AH32: Jan | AI32: 25 | AJ32: 65
AF33: Teori | AG33: Kognitif Formatif | AH33: Jan | AI33: 10 | AJ33: 65
AH34: Feb | AI34: 60 | AJ34: 65
AF35: Skill | AG35: Konsep | AH35: Jan | AI35: 10 | AJ35: 65
AG36: Discovery | AH36: Feb | AI36: 67.5 | AJ36: 65
AD37: Apia Miagoni | AE37: B.Indo | AF37: Minat | AG37: Fokus, aktif berpartisipasi dan bertanya atau menanggapi | AH37: Jan | AI37: 68.75 | AJ37: 65
AH38: Feb | AI38: 72.5 | AJ38: 65
AF39: Karakter | AG39: Mandiri | AH39: Jan | AI39: 70 | AJ39: 65
AH40: Feb | AI40: 75 | AJ40: 65
AF41: Teori | AG41: Kognitif Formatif | AH41: Jan | AI41: 87 | AJ41: 65
AH42: Feb | AI42: 70 | AJ42: 65
AG43: Kognitif Sumatif | AH43: Jan | AI43: 20 | AJ43: 65
AF44: Nalar | AG44: Evaluasi | AH44: Jan | AI44: 68.333333 | AJ44: 65
AH45: Feb | AI45: 73 | AJ45: 65
AG46: Analisa | AH46: Jan | AI46: 70 | AJ46: 65
AE47: Biologi | AF47: Teori | AG47: Kognitif Formatif | AH47: Jan | AI47: 100 | AJ47: 65
AE48: TIK | AF48: Minat | AG48: Fokus, aktif berpartisipasi dan bertanya atau menanggapi | AH48: Jan | AI48: 80 | AJ48: 65
AF49: Karakter | AG49: Beriman, bertakwa kepada Tuhan YME dan berakhlak mulia | AH49: Jan | AI49: 80 | AJ49: 65
AH50: Feb | AI50: 80 | AJ50: 65
AF51: Teori | AG51: Praktik Formatif | AH51: Jan | AI51: 75 | AJ51: 65
AH52: Feb | AI52: 68 | AJ52: 65
AF53: Nalar | AG53: Kreasi | AH53: Jan | AI53: 70 | AJ53: 65
AF54: Skill | AG54: Konsep | AH54: Jan | AI54: 75 | AJ54: 65
AH55: Feb | AI55: 68 | AJ55: 65
AE56: Kimia | AF56: Teori | AG56: Kognitif Formatif | AH56: Feb | AI56: 78.5 | AJ56: 65
AF57: Nalar | AG57: Analisa | AH57: Jan | AI57: 70 | AJ57: 65
AF58: Skill | AG58: Discovery | AH58: Jan | AI58: 100 | AJ58: 65
AE59: Math | AF59: Karakter | AG59: Beriman, bertakwa kepada Tuhan YME dan berakhlak mulia | AH59: Jan | AI59: 90 | AJ59: 65
AF60: Teori | AG60: Kognitif Formatif | AH60: Jan | AI60: 63 | AJ60: 65
AH61: Feb | AI61: 73.2 | AJ61: 65
AE62: B.Ing | AF62: Karakter | AG62: Mandiri | AH62: Jan | AI62: 90 | AJ62: 65
AG63: Beriman, bertakwa kepada Tuhan YME dan berakhlak mulia | AH63: Jan | AI63: 100 | AJ63: 65
AF64: Teori | AG64: Kognitif Formatif | AH64: Jan | AI64: 82.333333 | AJ64: 65
AH65: Feb | AI65: 60 | AJ65: 65
AF66: Nalar | AG66: Analisa | AH66: Jan | AI66: 68 | AJ66: 65
AF67: Skill | AG67: Konsep | AH67: Jan | AI67: 94 | AJ67: 65
AG68: Discovery | AH68: Jan | AI68: 68 | AJ68: 65
AH69: Feb | AI69: 67.5 | AJ69: 65
AD70: Etty Ebrata Holombau | AE70: B.Indo | AF70: Minat | AG70: Fokus, aktif berpartisipasi dan bertanya atau menanggapi | AH70: Jan | AI70: 71.25 | AJ70: 65
AH71: Feb | AI71: 72.5 | AJ71: 65
AF72: Karakter | AG72: Mandiri | AH72: Jan | AI72: 69.75 | AJ72: 65
AH73: Feb | AI73: 75 | AJ73: 65
AF74: Teori | AG74: Kognitif Formatif | AH74: Jan | AI74: 74.5 | AJ74: 65
AH75: Feb | AI75: 71.666667 | AJ75: 65
AG76: Kognitif Sumatif | AH76: Jan | AI76: 25 | AJ76: 65
AF77: Nalar | AG77: Evaluasi | AH77: Jan | AI77: 65.666667 | AJ77: 65
AH78: Feb | AI78: 76.333333 | AJ78: 65
AG79: Analisa | AH79: Jan | AI79: 68 | AJ79: 65
AE80: Biologi | AF80: Teori | AG80: Kognitif Formatif | AH80: Jan | AI80: 98 | AJ80: 65
AE81: TIK | AF81: Minat | AG81: Fokus, aktif berpartisipasi dan bertanya atau menanggapi | AH81: Jan | AI81: 80 | AJ81: 65
AF82: Karakter | AG82: Beriman, bertakwa kepada Tuhan YME dan berakhlak mulia | AH82: Jan | AI82: 80 | AJ82: 65
AH83: Feb | AI83: 80 | AJ83: 65
AF84: Teori | AG84: Praktik Formatif | AH84: Jan | AI84: 62.5 | AJ84: 65
AH85: Feb | AI85: 65 | AJ85: 65
AF86: Nalar | AG86: Kreasi | AH86: Jan | AI86: 60 | AJ86: 65
AF87: Skill | AG87: Konsep | AH87: Jan | AI87: 62.5 | AJ87: 65
AH88: Feb | AI88: 65 | AJ88: 65
AE89: Kimia | AF89: Teori | AG89: Kognitif Formatif | AH89: Feb | AI89: 81 | AJ89: 65
AF90: Nalar | AG90: Analisa | AH90: Jan | AI90: 70 | AJ90: 65
AF91: Skill | AG91: Discovery | AH91: Jan | AI91: 100 | AJ91: 65
AE92: Math | AF92: Karakter | AG92: Beriman, bertakwa kepada Tuhan YME dan berakhlak mulia | AH92: Jan | AI92: 90 | AJ92: 65
AF93: Teori | AG93: Kognitif Formatif | AH93: Jan | AI93: 60.714286 | AJ93: 65
AH94: Feb | AI94: 82.6 | AJ94: 65
AE95: B.Ing | AF95: Karakter | AG95: Mandiri | AH95: Jan | AI95: 90 | AJ95: 65
AG96: Beriman, bertakwa kepada Tuhan YME dan berakhlak mulia | AH96: Jan | AI96: 100 | AJ96: 65
AF97: Teori | AG97: Kognitif Formatif | AH97: Jan | AI97: 53 | AJ97: 65
AH98: Feb | AI98: 61.666667 | AJ98: 65
AF99: Nalar | AG99: Analisa | AH99: Jan | AI99: 5 | AJ99: 65
AF100: Skill | AG100: Konsep | AH100: Jan | AI100: 66 | AJ100: 65
...

Sheet skill
AY1: Average of Nilai2 | BD1: KATEGORI PENILAIAN
AY2: PROYEK | AZ2: SKILL | BA2: Month | BB2: Wk# | BC2: SUB SKILL | BD2: Skill | BE2: Teori | BF2: Nalar | BG2: Karakter | BH2: Minat
A3: Average of Nilai2 | E3: KATEGORI PENILAIAN | AY3: Pengolahan Kopi atau Tepung | AZ3: Product development | BA3: Jan | BB3: Wk.2 | BC3: Pengembangan produk inovasi | BD3: 67.583333 | BE3: 58.5 | BG3: 71.25
A4: PROYEK | B4: Month | C4: Wk# | D4: SKILL | E4: Skill | F4: Teori | G4: Nalar | H4: Karakter | I4: Minat | BC4: Produksi berkelanjutan | BD4: 67.5
A5: Pengolahan Kopi atau Tepung | B5: Jan | C5: Wk.2 | D5: Product development | E5: 67.555556 | F5: 58.5 | H5: 71.25 | BB5: Wk.3 | BC5: Pengembangan produk inovasi | BD5: 90 | BE5: 61.14 | BF5: 63.272727 | BG5: 69.545455 | BH5: 69.090909
D6: Inovasi market | G6: 71.111111 | BC6: Produksi berkelanjutan | BE6: 70.619048 | BF6: 69.695652 | BG6: 79.652174 | BH6: 70.826087
C7: Wk.3 | D7: Product development | E7: 90 | F7: 65.467391 | G7: 66.555556 | H7: 76.382353 | I7: 70.264706 | BB7: Wk.4 | BC7: Pengembangan produk inovasi | BD7: 55.333333 | BE7: 64.522727 | BF7: 47.409091 | BG7: 82.647059 | BH7: 70
D8: Inovasi market | E8: 65.740741 | F8: 69.544118 | G8: 67.333333 | H8: 75.259259 | I8: 74.5 | BC8: Produksi berkelanjutan | BE8: 61.415094 | BF8: 66 | BG8: 76.666667 | BH8: 69.318182
C9: Wk.4 | D9: Product development | E9: 55.333333 | F9: 62.824742 | G9: 56.704545 | H9: 78.389831 | I9: 69.545455 | BB9: Wk.5 | BC9: Pengembangan produk inovasi | BD9: 73.875 | BE9: 59.941176 | BG9: 70.416667
D10: Inovasi market | E10: 84 | F10: 75.393443 | G10: 67.407407 | H10: 77.333333 | I10: 72.666667 | BC10: Produksi berkelanjutan | BE10: 68.769231 | BF10: 68.068182 | BG10: 72.659091 | BH10: 69.727273
C11: Wk.5 | D11: Product development | E11: 73.875 | F11: 66.594203 | G11: 68.068182 | H11: 72.178571 | I11: 69.727273 | BA11: Feb | BB11: Wk.6 | BC11: Pengembangan produk inovasi | BD11: 78 | BE11: 76.521739
D12: Inovasi market | E12: 71.111111 | F12: 74.055556 | G12: 76.081081 | H12: 75.535714 | I12: 69.777778 | BC12: Produksi berkelanjutan | BD12: 69.956522 | BE12: 74.955056 | BF12: 74.264706 | BG12: 71.257143 | BH12: 70.411765
B13: Feb | C13: Wk.6 | D13: Product development | E13: 74.06383 | F13: 75.276786 | G13: 74.264706 | H13: 71.257143 | I13: 70.411765 | BB13: Wk.7 | BC13: Pengembangan produk inovasi | BD13: 66.659091 | BE13: 61.946429 | BF13: 78 | BG13: 74.545455
D14: Inovasi market | E14: 75.333333 | F14: 75.907407 | G14: 72.5 | H14: 76.027778 | I14: 70.222222 | BC14: Produksi berkelanjutan | BE14: 66.378788 | BF14: 65.636364 | BG14: 71.909091 | BH14: 69
C15: Wk.7 | D15: Product development | E15: 66.659091 | F15: 64.344262 | G15: 70 | H15: 73.227273 | I15: 69 | BB15: Wk.8 | BC15: Pengembangan produk inovasi | BD15: 76.73913 | BE15: 75.782609
D16: Inovasi market | E16: 62.777778 | F16: 68.583333 | G16: 70.444444 | H16: 78.888889 | I16: 76.055556 | BC16: Produksi berkelanjutan | BE16: 68 | BF16: 66.636364 | BG16: 72.045455 | BH16: 72.545455
C17: Wk.8 | D17: Product development | E17: 76.73913 | F17: 71.977778 | G17: 66.636364 | H17: 72.045455 | I17: 72.545455 | BB17: Wk.9 | BC17: Pengembangan produk inovasi | BD17: 80 | BE17: 80
D18: Inovasi market | F18: 70 | G18: 71.111111 | H18: 85 | I18: 70 | BC18: Produksi berkelanjutan | BE18: 64.6
C19: Wk.9 | D19: Product development | E19: 80 | F19: 72.3
D20: Inovasi market | F20: 90.333333 | G20: 82.222222

Sheet stnk
A1: KELAS | B1: 11A | AU1: PROYEK | AV1: Pengolahan Kopi atau Tepung
A3: Average of Nilai | C3: Mapel TDU | AU3: Average of Nilai2 | AX3: KATEGORI PENILAIAN
A4: Month | B4: Wk# | C4: Skill | D4: Teori | E4: Nalar | F4: Karakter | G4: Minat | H4: B.Indo | I4: Math | AU4: KELAS | AV4: Month | AW4: Wk# | AX4: Skill | AY4: Teori | AZ4: Nalar | BA4: Karakter | BB4: Minat
A5: Jan | B5: Wk.2 | C5: 67.555556 | D5: 58.5 | F5: 71.25 | AU5: 11A | AV5: Jan | AW5: Wk.3 | AX5: 90 | AY5: 65.467391 | AZ5: 66.555556 | BA5: 76.382353 | BB5: 70.264706
A6: Jan | B6: Wk.3 | C6: 90 | D6: 64.493827 | E6: 66.555556 | F6: 76.382353 | G6: 70.264706 | H6: 48.090909 | I6: 69.052632 | AW6: Wk.4 | AX6: 55.333333 | AY6: 62.824742 | AZ6: 56.704545 | BA6: 78.389831 | BB6: 69.545455
A7: Jan | B7: Wk.4 | C7: 55.333333 | D7: 61.174419 | E7: 56.704545 | F7: 78.389831 | G7: 69.545455 | H7: 71.818182 | I7: 59.404762 | AW7: Wk.5 | AX7: 73.875 | AY7: 66.594203 | AZ7: 68.068182 | BA7: 72.178571 | BB7: 69.727273
A8: Jan | B8: Wk.5 | C8: 71.190476 | D8: 66.594203 | E8: 68.068182 | F8: 72.178571 | G8: 69.727273 | H8: 66.636364 | I8: 52.5 | AW8: Wk.2 | AX8: 67.555556 | AY8: 58.5 | BA8: 71.25
A9: Feb | B9: Wk.6 | C9: 74.06383 | D9: 75.316832 | E9: 74.264706 | F9: 71.257143 | G9: 70.411765 | H9: 68.363636 | I9: 79.969697 | AV9: Feb | AW9: Wk.6 | AX9: 74.06383 | AY9: 75.276786 | AZ9: 74.264706 | BA9: 71.257143 | BB9: 70.411765
A10: Feb | B10: Wk.7 | C10: 66.659091 | D10: 64.344262 | E10: 70 | F10: 73.227273 | G10: 69 | H10: 66.636364 | I10: 56.818182 | AW10: Wk.7 | AX10: 66.659091 | AY10: 64.344262 | AZ10: 70 | BA10: 73.227273 | BB10: 69
A11: Feb | B11: Wk.8 | C11: 76.73913 | D11: 71.977778 | E11: 66.636364 | F11: 72.045455 | G11: 72.545455 | H11: 68.545455 | AW11: Wk.8 | AX11: 76.73913 | AY11: 71.977778 | AZ11: 66.636364 | BA11: 72.045455 | BB11: 72.545455
A12: Feb | B12: Wk.9 | C12: 80 | D12: 72.3 | AW12: Wk.9 | AX12: 80 | AY12: 72.3
AU13: 12A | AV13: Jan | AW13: Wk.3 | AX13: 65.740741 | AY13: 69.544118 | AZ13: 67.333333 | BA13: 75.259259 | BB13: 74.5
AW14: Wk.4 | AX14: 84 | AY14: 75.393443 | AZ14: 67.407407 | BA14: 77.333333 | BB14: 72.666667
AW15: Wk.5 | AX15: 71.111111 | AY15: 74.055556 | AZ15: 76.081081 | BA15: 75.535714 | BB15: 69.777778
AW16: Wk.2 | AZ16: 71.111111
AV17: Feb | AW17: Wk.6 | AX17: 75.333333 | AY17: 75.907407 | AZ17: 72.5 | BA17: 76.027778 | BB17: 70.222222
AW18: Wk.7 | AX18: 62.777778 | AY18: 68.583333 | AZ18: 70.444444 | BA18: 78.888889 | BB18: 76.055556
AW19: Wk.8 | AY19: 70 | AZ19: 71.111111 | BA19: 85 | BB19: 70
AW20: Wk.9 | AY20: 90.333333 | AZ20: 82.222222
AE66: Average of Nilai2 | AK66: KATEGORI PENILAIAN
AE67: KELAS | AF67: NAMA | AG67: PROYEK | AH67: SKILL | AI67: Month | AJ67: Wk# | AK67: Skill | AL67: Teori | AM67: Nalar | AN67: Karakter | AO67: Minat
AE68: 11A | AF68: Agustinus Tipagau | AG68: Pengolahan Kopi atau Tepung | AH68: Product development | AI68: Jan | AJ68: Wk.3 | AL68: 61.375 | AM68: 64.5 | AN68: 71.666667 | AO68: 70
AJ69: Wk.4 | AK69: 73.333333 | AL69: 59.666667 | AM69: 66.666667 | AN69: 77.5 | AO69: 68.333333
AJ70: Wk.5 | AK70: 70 | AL70: 65 | AM70: 65 | AN70: 58.75 | AO70: 66.333333
AJ71: Wk.2 | AK71: 51.25 | AL71: 10 | AN71: 30
AI72: Feb | AJ72: Wk.6 | AK72: 67.5 | AL72: 78.555556 | AM72: 66.666667 | AN72: 68.333333 | AO72: 68.333333
AJ73: Wk.7 | AK73: 68.75 | AL73: 62.5 | AM73: 63.5 | AN73: 72 | AO73: 69
AJ74: Wk.8 | AK74: 75 | AL74: 68.25 | AM74: 65 | AN74: 70 | AO74: 70
AJ75: Wk.9 | AL75: 61
K81: Mapel TDU | L81: (Multiple Items)
K83: Average of Nilai2 | N83: KATEGORI PENILAIAN
K84: KELAS | L84: Month | M84: Wk#

Sheet karakter
A1: Mapel TDU | B1: (Multiple Items)
AT2: KELAS | AU2: (All)
A3: Row Labels | B3: Count of Predikat Krktr | AT3: KATEGORI PENILAIAN | AU3: (Multiple Items)
A4: Sangat baik | B4: 0.098701299
A5: Baik | B5: 0.30649351 | AT5: Count of Predikat Krktr | AW5: Predikat Krktr
A6: Cukup | B6: 0.46493506 | AT6: JENIS PENILAIAN | AU6: Mapel TDU | AV6: Month | AW6: Sangat baik | AX6: Baik | AY6: Cukup | AZ6: Kurang | BA6: Sangat kurang
A7: Kurang | B7: 0.1012987 | AT7: Mandiri | AU7: B.Indo | AV7: Jan | AW7: 0 | AX7: 0 | AY7: 0.86363636 | AZ7: 0.13636364 | BA7: 0
A8: Sangat kurang | B8: 0.028571429 | AV8: Feb | AW8: 0 | AX8: 0.55 | AY8: 0.35 | AZ8: 0.1 | BA8: 0
A9: Grand Total | B9: 1 | AU9: TIK | AV9: Jan | AW9: 0 | AX9: 0.77777778 | AY9: 0.22222222 | AZ9: 0 | BA9: 0
AV10: Feb | AW10: 0 | AX10: 0.77777778 | AY10: 0.22222222 | AZ10: 0 | BA10: 0
AU11: B.Ing | AV11: Jan | AW11: 0.52380952 | AX11: 0 | AY11: 0 | AZ11: 0.38095238 | BA11: 0.095238095
AV12: Feb | AW12: 0.11111111 | AX12: 0.33333333 | AY12: 0.11111111 | AZ12: 0 | BA12: 0.44444444
AU13: Pancasila | AV13: Jan | AW13: 0 | AX13: 0.13333333 | AY13: 0.86666667 | AZ13: 0 | BA13: 0
AU14: Sejarah | AV14: Jan | AW14: 0.043478261 | AX14: 0.44927536 | AY14: 0.50724638 | AZ14: 0 | BA14: 0
AV15: Feb | AW15: 0 | AX15: 0.30769231 | AY15: 0.59615385 | AZ15: 0.096153846 | BA15: 0
AT16: Bergotong royong | AU16: Kopi | AV16: Jan | AW16: 0 | AX16: 1 | AY16: 0 | AZ16: 0 | BA16: 0
AU17: PKWU | AV17: Jan | AW17: 0.375 | AX17: 0.625 | AY17: 0 | AZ17: 0 | BA17: 0
AU18: Tepung | AV18: Jan | AW18: 1 | AX18: 0 | AY18: 0 | AZ18: 0 | BA18: 0
AT19: Beriman, bertakwa kepada Tuhan YME dan berakhlak mulia | AU19: TIK | AV19: Jan | AW19: 0 | AX19: 0.45454545 | AY19: 0.27272727 | AZ19: 0.27272727 | BA19: 0
AV20: Feb | AW20: 0 | AX20: 0.45454545 | AY20: 0.27272727 | AZ20: 0.27272727 | BA20: 0
AU21: Math | AV21: Jan | AW21: 0.55 | AX21: 0 | AY21: 0 | AZ21: 0.45 | BA21: 0
AU22: B.Ing | AV22: Jan | AW22: 0.5 | AX22: 0 | AY22: 0.083333333 | AZ22: 0 | BA22: 0.41666667
AU23: Pancasila | AV23: Jan | AW23: 0 | AX23: 0 | AY23: 1 | AZ23: 0 | BA23: 0
AV24: Feb | AW24: 0 | AX24: 0.38095238 | AY24: 0.57142857 | AZ24: 0.047619048 | BA24: 0
A32: Mapel TDU | B32: (Multiple Items)
A34: Count of Predikat Krktr | C34: Predikat Krktr
A35: KELAS | B35: Month | C35: Sangat baik | D35: Baik | E35: Cukup | F35: Kurang | G35: Sangat kurang
A36: 11A | B36: Jan | C36: 0.19875776 | D36: 0.19254658 | E36: 0.42857143 | F36: 0.13664596 | G36: 0.043478261
B37: Feb | C37: 0 | D37: 0.15189873 | E37: 0.6835443 | F37: 0.16455696 | G37: 0
A38: 12A | B38: Jan | C38: 0.06097561 | D38: 0.31707317 | E38: 0.57317073 | F38: 0.048780488 | G38: 0
B39: Feb | C39: 0.015873016 | D39: 0.77777778 | E39: 0.14285714 | F39: 0 | G39: 0.063492063
AJ69: KATEGORI PENILAIAN | AK69: (Multiple Items)
A70: Count of Predikat Krktr | B70: Column Labels | AJ70: Mapel TDU | AK70: (Multiple Items)
A71: Row Labels | B71: Sangat baik | C71: Baik | D71: Cukup | E71: Kurang | F71: Sangat kurang
A72: Pengolahan Kopi atau Tepung | AJ72: Average of Nilai2 | AN72: Predikat Krktr
A73: 11A | AJ73: NAMA | AK73: JENIS PENILAIAN | AL73: BENTUK PENILAIAN | AM73: Month | AN73: Sangat baik | AO73: Baik | AP73: Cukup
A74: B.Indo | AJ74: Apia Miagoni | AK74: Mandiri | AL74: Pantang menyerah dalam belajar dan mengerjakan tugas | AM74: Jan | AP74: 70
A75: Jan | B75: 0 | C75: 0 | D75: 0.86363636 | E75: 0.13636364 | F75: 0 | AM75: Feb | AP75: 70
A76: Feb | B76: 0 | C76: 0.18181818 | D76: 0.63636364 | E76: 0.18181818 | F76: 0 | AL76: Keinginan untuk memperkaya pengetahuan melalui literasi | AM76: Jan | AN76: 90
A77: TIK | AL77: Mengerjakan setiap tugas dan kewajiban di sekolah | AM77: Jan | AP77: 70
A78: Jan | B78: 0 | C78: 0.45454545 | D78: 0.27272727 | E78: 0.27272727 | F78: 0 | AM78: Feb | AO78: 80
A79: Feb | B79: 0 | C79: 0.45454545 | D79: 0.27272727 | E79: 0.27272727 | F79: 0 | AK79: Beriman, bertakwa kepada Tuhan YME dan berakhlak mulia | AL79: Mengambil keputusan yang baik dan bisa dipertanggungjawabkan | AM79: Jan | AN79: 100
A80: Math | AL80: Menaati peraturan dan tata tertib sekolah dan asrama | AM80: Jan | AN80: 90 | AO80: 80
A81: Jan | B81: 0.55 | C81: 0 | D81: 0 | E81: 0.45 | F81: 0 | AM81: Feb | AO81: 80
A82: B.Ing
A83: Jan | B83: 0.5 | C83: 0 | D83: 0.041666667 | E83: 0.16666667 | F83: 0.29166667
A84: Pancasila
A85: Jan | B85: 0 | C85: 0.17391304 | D85: 0.82608696 | E85: 0 | F85: 0
A86: Feb | B86: 0 | C86: 0.25 | D86: 0.66666667 | E86: 0.083333333 | F86: 0
A87: Sejarah
A88: Jan | B88: 0.090909091 | C88: 0.66666667 | D88: 0.24242424 | E88: 0 | F88: 0
A89: Feb | B89: 0 | C89: 0 | D89: 0.85294118 | E89: 0.14705882 | F89: 0
A90: PKWU
A91: Jan | B91: 1 | C91: 0 | D91: 0 | E91: 0 | F91: 0
A92: Tepung
A93: Jan | B93: 1 | C93: 0 | D93: 0 | E93: 0 | F93: 0
A94: 12A
A95: B.Indo
A96: Feb | B96: 0 | C96: 1 | D96: 0 | E96: 0 | F96: 0
A97: TIK
A98: Jan | B98: 0 | C98: 0.77777778 | D98: 0.22222222 | E98: 0 | F98: 0
A99: Feb | B99: 0 | C99: 0.77777778 | D99: 0.22222222 | E99: 0 | F99: 0
A100: Kopi
A101: Jan | B101: 0 | C101: 1 | D101: 0 | E101: 0 | F101: 0
A102: B.Ing
A103: Jan | B103: 0.55555556 | C103: 0 | D103: 0 | E103: 0.44444444 | F103: 0
A104: Feb | B104: 0.11111111 | C104: 0.33333333 | D104: 0.11111111 | E104: 0 | F104: 0.44444444
A105: Pancasila
A106: Jan | B106: 0 | C106: 0 | D106: 1 | E106: 0 | F106: 0
A107: Feb | B107: 0 | C107: 0.55555556 | D107: 0.44444444 | E107: 0 | F107: 0
A108: Sejarah
A109: Jan | B109: 0 | C109: 0.25 | D109: 0.75 | E109: 0 | F109: 0
A110: Feb | B110: 0 | C110: 0.88888889 | D110: 0.11111111 | E110: 0 | F110: 0
A111: PKWU
A112: Jan | B112: 0 | C112: 1 | D112: 0 | E112: 0 | F112: 0

Sheet guru
A3: Count of JENIS PENILAIAN | D3: KATEGORI PENILAIAN | O3: Count of NAMA | R3: Wk#
A4: KELAS | B4: Mapel TDU | C4: Wk# | D4: Skill | E4: Teori | F4: Nalar | G4: Karakter | H4: Minat | O4: KELAS | P4: NAMA GURU | Q4: Mapel TDU | S4: Wk.2 | T4: Wk.3 | U4: Wk.4 | V4: Wk.5 | W4: Wk.6 | X4: Wk.7 | Y4: Wk.8 | Z4: Wk.9
A5: 11A | B5: B.Indo | C5: Wk.3 | E5: 22 | F5: 11 | G5: 11 | H5: 11 | O5: 11A | P5: Bonafasia Jaju, S. Pd., Gr. | R5: 48
A6: 11A | B6: B.Indo | C6: Wk.4 | E6: 11 | F6: 11 | G6: 11 | H6: 11 | O6: 11A | P6: Bonafasia Jaju, S. Pd., Gr. | Q6: B.Indo | T6: 55 | U6: 44 | V6: 88 | W6: 44 | X6: 22 | Y6: 44
A7: 11A | B7: B.Indo | C7: Wk.5 | E7: 22 | F7: 22 | G7: 22 | H7: 22 | O7: 11A | P7: Bonafasia Jaju, S. Pd., Gr. | Q7: Sejarah | T7: 44 | U7: 44 | V7: 44 | W7: 45 | X7: 44 | Y7: 22
A8: 11A | B8: B.Indo | C8: Wk.6 | E8: 11 | F8: 11 | G8: 11 | H8: 11 | O8: 11A | P8: Bonafasia Jaju, S. Pd., Gr. | Q8: A.Kristen | T8: 8 | U8: 8 | V8: 8 | W8: 8
A9: 11A | B9: B.Indo | C9: Wk.7 | E9: 11 | F9: 11 | O9: 11A | P9: Eka Dewi Sriyani, S.Pd., M.Si., Gr. | Q9: Biologi | U9: 12
A10: 11A | B10: B.Indo | C10: Wk.8 | E10: 11 | F10: 11 | G10: 11 | H10: 11 | O10: 11A | P10: Febriyani Sulistyaningsih, M.Pd., Gr. | R10: 19
A11: 11A | B11: Biologi | C11: Wk.4 | E11: 12 | O11: 11A | P11: Febriyani Sulistyaningsih, M.Pd., Gr. | Q11: Kimia | S11: 12 | U11: 12 | X11: 12 | Y11: 12
A12: 11A | B12: TIK | C12: Wk.3 | E12: 11 | F12: 11 | O12: 11A | P12: Febriyani Sulistyaningsih, M.Pd., Gr. | Q12: Kopi | S12: 6 | U12: 6 | X12: 5
A13: 11A | B13: TIK | C13: Wk.4 | D13: 11 | G13: 11 | H13: 11 | O13: 11A | P13: Febriyani Sulistyaningsih, M.Pd., Gr. | Q13: PKWU | S13: 6 | U13: 6 | X13: 5
A14: 11A | B14: TIK | C14: Wk.5 | D14: 9 | E14: 9 | O14: 11A | P14: Fenty Yunia Vianarika, S.Pd., Gr. | R14: 129
A15: 11A | B15: TIK | C15: Wk.7 | D15: 11 | E15: 11 | G15: 11 | O15: 11A | P15: Fenty Yunia Vianarika, S.Pd., Gr. | Q15: B.Ing | S15: 36 | U15: 30 | V15: 20 | X15: 32 | Y15: 22
A16: 11A | B16: Kimia | C16: Wk.2 | D16: 12 | O16: 11A | P16: Fenty Yunia Vianarika, S.Pd., Gr. | Q16: Fisika | W16: 11 | Z16: 10
A17: 11A | B17: Kimia | C17: Wk.4 | F17: 12 | O17: 11A | P17: Fenty Yunia Vianarika, S.Pd., Gr. | Q17: Pancasila | T17: 48 | V17: 44 | W17: 82 | X17: 22
A18: 11A | B18: Kimia | C18: Wk.7 | E18: 12 | O18: 11A | P18: Fenty Yunia Vianarika, S.Pd., Gr. | Q18: PKWU | T18: 9 | U18: 3 | V18: 6 | W18: 18 | X18: 18 | Y18: 6 | Z18: 10
A19: 11A | B19: Kimia | C19: Wk.8 | E19: 12 | O19: 11A | P19: Fenty Yunia Vianarika, S.Pd., Gr. | Q19: Tepung | T19: 9 | U19: 3 | V19: 6 | W19: 18 | X19: 18 | Y19: 6 | Z19: 10
A20: 11A | B20: Math | C20: Wk.3 | E20: 19 | O20: 11A | P20: Fenty Yunia Vianarika, S.Pd., Gr. | Q20: A.Katolik | T20: 3 | U20: 3 | V20: 3 | W20: 3
A21: 11A | B21: Math | C21: Wk.4 | E21: 42 | G21: 20 | O21: 11A | P21: Gabriel Iwan Prasetyono, M.Si. | R21: 24
A22: 11A | B22: Math | C22: Wk.5 | E22: 8 | O22: 11A | P22: Gabriel Iwan Prasetyono, M.Si. | Q22: Math | T22: 19 | U22: 62 | V22: 8 | W22: 33 | X22: 22
A23: 11A | B23: Math | C23: Wk.6 | E23: 33 | O23: 11A | P23: Rizal Fahmi, A.Md.Kom | R23: 14
A24: 11A | B24: Math | C24: Wk.7 | E24: 22 | O24: 11A | P24: Rizal Fahmi, A.Md.Kom | Q24: TIK | T24: 22 | U24: 33 | V24: 18 | X24: 33
A25: 11A | B25: Kopi | C25: Wk.2 | D25: 6 | O25: 12A | P25: Bonafasia Jaju, S. Pd., Gr. | Q25: Sejarah | T25: 36 | U25: 36 | V25: 63 | W25: 36 | X25: 36 | Y25: 27
A26: 11A | B26: Kopi | C26: Wk.4 | D26: 6 | O26: 12A | P26: Bonafasia Jaju, S. Pd., Gr. | Q26: A.Katolik | T26: 1 | U26: 1 | V26: 1 | W26: 1
A27: 11A | B27: Kopi | C27: Wk.7 | D27: 5 | O27: 12A | P27: Bonafasia Jaju, S. Pd., Gr. | Q27: A.Kristen | T27: 8 | U27: 8 | V27: 8 | W27: 8
A28: 11A | B28: B.Ing | C28: Wk.2 | D28: 12 | E28: 12 | G28: 12 | O28: 12A | P28: Eka Dewi Sriyani, S.Pd., M.Si., Gr. | Q28: Biologi | T28: 9
A29: 11A | B29: B.Ing | C29: Wk.4 | D29: 10 | E29: 10 | F29: 10 | O29: 12A | P29: Ermelinda Janul, S. Pd., Gr. | R29: 4
A30: 11A | B30: B.Ing | C30: Wk.5 | E30: 8 | G30: 12 | O30: 12A | P30: Ermelinda Janul, S. Pd., Gr. | Q30: Pancasila | T30: 41 | U30: 36 | W30: 63
A31: 11A | B31: B.Ing | C31: Wk.7 | D31: 11 | E31: 21 | O31: 12A | P31: Febriyani Sulistyaningsih, M.Pd., Gr. | Q31: Kimia | S31: 9 | T31: 9 | V31: 9 | X31: 9
A32: 11A | B32: B.Ing | C32: Wk.8 | D32: 11 | E32: 11 | O32: 12A | P32: Fenty Yunia Vianarika, S.Pd., Gr. | Q32: B.Ing | T32: 36 | V32: 18 | W32: 36
A33: 11A | B33: Pancasila | C33: Wk.3 | E33: 12 | F33: 12 | G33: 12 | H33: 12 | O33: 12A | P33: Fenty Yunia Vianarika, S.Pd., Gr. | Q33: Fisika | X33: 9
A34: 11A | B34: Pancasila | C34: Wk.5 | E34: 11 | F34: 11 | G34: 11 | H34: 11 | O34: 12A | P34: Fenty Yunia Vianarika, S.Pd., Gr. | Q34: TIK | T34: 18 | U34: 27 | V34: 18 | X34: 27
A35: 11A | B35: Pancasila | C35: Wk.6 | D35: 23 | E35: 23 | F35: 12 | G35: 12 | H35: 12 | O35: 12A | P35: Gabriel Iwan Prasetyono, M.Si. | R35: 5
A36: 11A | B36: Pancasila | C36: Wk.7 | E36: 22 | O36: 12A | P36: Gabriel Iwan Prasetyono, M.Si. | Q36: Math | T36: 9 | U36: 34 | W36: 9 | X36: 24 | Z36: 9
A37: 11A | B37: Sejarah | C37: Wk.3 | E37: 11 | F37: 11 | G37: 11 | H37: 11 | O37: 12A | P37: Yanto Sutrisno Saragih, S.Pd., Gr. | R37: 12
A38: 11A | B38: Sejarah | C38: Wk.4 | E38: 11 | F38: 11 | G38: 11 | H38: 11 | O38: 12A | P38: Yanto Sutrisno Saragih, S.Pd., Gr. | Q38: B.Indo | V38: 18 | W38: 9 | X38: 18 | Y38: 18 | Z38: 9
A39: 11A | B39: Sejarah | C39: Wk.5 | E39: 11 | F39: 11 | G39: 11 | H39: 11 | O39: 12A | P39: Yanto Sutrisno Saragih, S.Pd., Gr. | Q39: Kopi | U39: 5 | V39: 10
A40: 11A | B40: Sejarah | C40: Wk.6 | E40: 11 | F40: 11 | G40: 12 | H40: 11 | O40: 12A | P40: Yanto Sutrisno Saragih, S.Pd., Gr. | Q40: PKWU | U40: 5 | V40: 10
A41: 11A | B41: Sejarah | C41: Wk.7 | E41: 11 | F41: 11 | G41: 11 | H41: 11
A42: 11A | B42: Sejarah | C42: Wk.8 | E42: 11 | G42: 11
A43: 11A | B43: PKWU | C43: Wk.2 | D43: 6
A44: 11A | B44: PKWU | C44: Wk.3 | D44: 6 | E44: 3
A45: 11A | B45: PKWU | C45: Wk.4 | D45: 6 | G45: 3
A46: 11A | B46: PKWU | C46: Wk.5 | D46: 6
A47: 11A | B47: PKWU | C47: Wk.6 | D47: 12 | E47: 6
A48: 11A | B48: PKWU | C48: Wk.7 | D48: 11 | E48: 6 | F48: 6
A49: 11A | B49: PKWU | C49: Wk.8 | D49: 6
A50: 11A | B50: PKWU | C50: Wk.9 | D50: 5 | E50: 5
A51: 11A | B51: Fisika | C51: Wk.6 | E51: 11
A52: 11A | B52: Fisika | C52: Wk.9 | E52: 10
A53: 11A | B53: Tepung | C53: Wk.3 | D53: 6 | E53: 3
A54: 11A | B54: Tepung | C54: Wk.4 | G54: 3
A55: 11A | B55: Tepung | C55: Wk.5 | D55: 6
A56: 11A | B56: Tepung | C56: Wk.6 | D56: 12 | E56: 6
A57: 11A | B57: Tepung | C57: Wk.7 | D57: 6 | E57: 6 | F57: 6
A58: 11A | B58: Tepung | C58: Wk.8 | D58: 6
A59: 11A | B59: Tepung | C59: Wk.9 | D59: 5 | E59: 5
A60: 12A | B60: B.Indo | C60: Wk.5 | E60: 9 | F60: 9
A61: 12A | B61: B.Indo | C61: Wk.6 | G61: 9
A62: 12A | B62: B.Indo | C62: Wk.7 | E62: 9 | H62: 9
A63: 12A | B63: B.Indo | C63: Wk.8 | E63: 9 | G63: 9
A64: 12A | B64: B.Indo | C64: Wk.9 | F64: 9
A65: 12A | B65: Biologi | C65: Wk.3 | E65: 9
A66: 12A | B66: TIK | C66: Wk.3 | D66: 9 | E66: 9
A67: 12A | B67: TIK | C67: Wk.4 | F67: 9 | G67: 9 | H67: 9
A68: 12A | B68: TIK | C68: Wk.5 | D68: 9 | E68: 9
A69: 12A | B69: TIK | C69: Wk.7 | D69: 9 | E69: 9 | G69: 9
A70: 12A | B70: Kimia | C70: Wk.2 | F70: 9
A71: 12A | B71: Kimia | C71: Wk.3 | D71: 9
A72: 12A | B72: Kimia | C72: Wk.5 | E72: 9
A73: 12A | B73: Kimia | C73: Wk.7 | E73: 9
A74: 12A | B74: Math | C74: Wk.3 | E74: 9
A75: 12A | B75: Math | C75: Wk.4 | E75: 34
A76: 12A | B76: Math | C76: Wk.6 | E76: 9
A77: 12A | B77: Math | C77: Wk.7 | E77: 24
A78: 12A | B78: Math | C78: Wk.9 | E78: 9
A79: 12A | B79: Kopi | C79: Wk.4 | D79: 5
A80: 12A | B80: Kopi | C80: Wk.5 | F80: 5 | G80: 5
A81: 12A | B81: B.Ing | C81: Wk.3 | D81: 9 | E81: 9 | F81: 9 | G81: 9
A82: 12A | B82: B.Ing | C82: Wk.5 | D82: 9 | E82: 9
A83: 12A | B83: B.Ing | C83: Wk.6 | D83: 9 | E83: 9 | G83: 9 | H83: 9
A84: 12A | B84: Pancasila | C84: Wk.3 | E84: 14 | F84: 9 | G84: 9 | H84: 9
A85: 12A | B85: Pancasila | C85: Wk.4 | E85: 9 | F85: 9 | G85: 9 | H85: 9
A86: 12A | B86: Pancasila | C86: Wk.6 | D86: 18 | E86: 18 | F86: 9 | G86: 9 | H86: 9
A87: 12A | B87: Sejarah | C87: Wk.3 | E87: 9 | F87: 9 | G87: 9 | H87: 9
A88: 12A | B88: Sejarah | C88: Wk.4 | E88: 9 | F88: 9 | G88: 9 | H88: 9
A89: 12A | B89: Sejarah | C89: Wk.5 | E89: 18 | F89: 18 | G89: 18 | H89: 9
A90: 12A | B90: Sejarah | C90: Wk.6 | E90: 9 | F90: 9 | G90: 9 | H90: 9
A91: 12A | B91: Sejarah | C91: Wk.7 | E91: 9 | F91: 9 | G91: 9 | H91: 9
A92: 12A | B92: Sejarah | C92: Wk.8 | E92: 9 | F92: 9 | H92: 9
A93: 12A | B93: PKWU | C93: Wk.4 | D93: 5
A94: 12A | B94: PKWU | C94: Wk.5 | F94: 5 | G94: 5
A95: 12A | B95: Fisika | C95: Wk.7 | D95: 9

Sheet IQ-stnkm
A3: Average of Nilai2 | D3: KATEGORI PENILAIAN
A4: KELAS | B4: IQ Status | C4: Month | D4: Skill | E4: Teori | F4: Nalar | G4: Karakter | H4: Minat
A5: 11A | B5: Extremely low | C5: Jan | D5: 63.277778 | E5: 66.047619 | F5: 67.272727 | G5: 68.346154 | H5: 71.052632
A6: 11A | B6: Extremely low | C6: Feb | D6: 73.285714 | E6: 73.479167 | F6: 70.833333 | G6: 72.285714 | H6: 71.7
A7: 11A | B7: Low average | C7: Jan | D7: 54.333333 | E7: 49.695652 | F7: 50.363636 | G7: 76.076923 | H7: 66.222222
A8: 11A | B8: Low average | C8: Feb | D8: 53.571429 | E8: 47.083333 | F8: 58.333333 | G8: 69.571429 | H8: 69.4
A9: 11A | B9: Average | C9: Jan | D9: 71.978723 | E9: 65.445378 | F9: 63.633333 | G9: 76.111111 | H9: 68.58
A10: 11A | B10: Average | C10: Feb | D10: 72.288136 | E10: 69.489051 | F10: 69.75 | G10: 72 | H10: 70.04
A11: 11A | B11: High average | C11: Jan | D11: 75.458333 | E11: 73.148148 | F11: 66.25 | G11: 83.53125 | H11: 73
A12: 11A | B12: High average | C12: Feb | D12: 75.566667 | E12: 78.25 | F12: 77.6875 | G12: 75 | H12: 72
A13: 11A | B13: Superior | C13: Jan | D13: 62.142857 | E13: 53.636364 | F13: 65.727273 | G13: 71.230769 | H13: 69.6
A14: 11A | B14: Superior | C14: Feb | D14: 75.076923 | E14: 69.444444 | F14: 74.625 | G14: 69.428571 | H14: 70.2

Sheet Sheet2
A1: NO | B1: NIS | C1: KELAS | D1: NAMA | E1: ASAL KABUPATEN | F1: TANGGAL | G1: Day | H1: Month | I1: Year | J1: KATEGORI PENILAIAN | K1: JENIS PENILAIAN | L1: BENTUK PENILAIAN | M1: TIPE PENILAIAN | N1: TEMA | O1: TOPIK | P1: PROYEK | Q1: SKILL | R1: SUB SKILL | S1: KODE MATERI | T1: NO TP | U1: KETERANGAN TP | V1: NO MATERI | W1: KETERANGAN MATERI | X1: MATERI KELAS | Y1: FASE | Z1: KKM | AA1: NILAI | AB1: KETUNTASAN | AC1: MAPEL | AD1: NAMA GURU | AE1: Mapel TDU | AF1: Nilai2 | AG1: Predikat | AH1: MatKls | AI1: Predikat Krktr | AJ1: Wk# | AK1: IQ Status
A2: 1 | B2: 242510013 | C2: 11A | D2: Yohanes Bagau | E2: Intan Jaya | F2: 46036 | G2: 14 | H2: Jan | I2: 26 | J2: Teori | K2: Kognitif Formatif | L2: Observ | M2: Real | N2: Entrepreneur | O2: Product development | P2: Pengolahan Kopi atau Tepung | Q2: Product development | R2: Pengembangan produk inovasi | S2: F11.01.01 | T2: 1 | U2: Membentuk komunitas yang bertumbuh dalam pengenalan akan Firman Tuhan dan meyediakan ruang untuk saling membangun, berbagi serta mendalami Iman | V2: 01.01 | W2: Gaya hidup saleh di tengah budaya hedonisme | X2: K11 | Y2: F | Z2: 65 | AA2: 0 | AB2: Tidak tuntas | AC2: Agama Katolik | AD2: Fenty Yunia Vianarika, S.Pd., Gr. | AE2: =IF(AF2="","",VLOOKUP(AC2,mapel!$A$2:$B$42,2,FALSE)) | AF2: =IF(AA2=0, "",IF(AA2 = 0.1, 0,AA2)) | AG2: =IF(AF2="","",IF(AF2>90,"Sangat baik",IF(AF2>79,"Baik",IF(AF2>=pub_gid_0_single_true_output_csv[[#This Row],[KKM]],"Cukup","Kurang")))) | AH2: =IF(AG2="","",VALUE(RIGHT(X2,2))) | AI2: =IF(OR(J2<>"Karakter",pub_gid_0_single_true_output_csv[[#This Row],[Nilai2]]=""),"",IF(AF2>89,"Sangat baik",IF(AF2>79,"Baik",IF(AF2>69,"Cukup",IF(AF2>59,"Kurang","Sangat kurang"))))) | AJ2: =IF(AF2="","",CONCATENATE("Wk.",WEEKNUM(F2,2))) | AK2: =IF(pub_gid_0_single_true_output_csv[[#This Row],[Nilai2]]="","",VLOOKUP(pub_gid_0_single_true_output_csv[[#This Row],[NAMA]],Table7[],3,FALSE))
A3: 2 | B3: 242510013 | C3: 11A | D3: Yohanes Bagau | E3: Intan Jaya | F3: 46043 | G3: 21 | H3: Jan | I3: 26 | J3: Teori | K3: Kognitif Formatif | L3: Observ | M3: Real | N3: Entrepreneur | O3: Product development | P3: Pengolahan Kopi atau Tepung | Q3: Product development | R3: Pengembangan produk inovasi | S3: F11.01.02 | T3: 1 | U3: Membentuk komunitas yang bertumbuh dalam pengenalan akan Firman Tuhan dan meyediakan ruang untuk saling membangun, berbagi serta mendalami Iman | V3: 01.02 | W3: Peran Kristen di media sosial | X3: K11 | Y3: F | Z3: 65 | AA3: 0 | AB3: Tidak tuntas | AC3: Agama Katolik | AD3: Fenty Yunia Vianarika, S.Pd., Gr. | AE3: =IF(AF3="","",VLOOKUP(AC3,mapel!$A$2:$B$42,2,FALSE)) | AF3: =IF(AA3=0, "",IF(AA3 = 0.1, 0,AA3)) | AG3: =IF(AF3="","",IF(AF3>90,"Sangat baik",IF(AF3>79,"Baik",IF(AF3>=pub_gid_0_single_true_output_csv[[#This Row],[KKM]],"Cukup","Kurang")))) | AH3: =IF(AG3="","",VALUE(RIGHT(X3,2))) | AI3: =IF(OR(J3<>"Karakter",pub_gid_0_single_true_output_csv[[#This Row],[Nilai2]]=""),"",IF(AF3>89,"Sangat baik",IF(AF3>79,"Baik",IF(AF3>69,"Cukup",IF(AF3>59,"Kurang","Sangat kurang"))))) | AJ3: =IF(AF3="","",CONCATENATE("Wk.",WEEKNUM(F3,2))) | AK3: =IF(pub_gid_0_single_true_output_csv[[#This Row],[Nilai2]]="","",VLOOKUP(pub_gid_0_single_true_output_csv[[#This Row],[NAMA]],Table7[],3,FALSE))
A4: 3 | B4: 242510013 | C4: 11A | D4: Yohanes Bagau | E4: Intan Jaya | F4: 46050 | G4: 28 | H4: Jan | I4: 26 | J4: Skill | K4: Evaluasi & Kalibrasi | L4: Observ | M4: Real | N4: Entrepreneur | O4: Product development | P4: Pengolahan Kopi atau Tepung | Q4: Product development | R4: Pengembangan produk inovasi | S4: F11.01.03 | T4: 1 | U4: Membentuk komunitas yang bertumbuh dalam pengenalan akan Firman Tuhan dan meyediakan ruang untuk saling membangun, berbagi serta mendalami Iman | V4: 01.03 | W4: Dunia vs transformasi rohani | X4: K11 | Y4: F | Z4: 65 | AA4: 0 | AB4: Tidak tuntas | AC4: Agama Katolik | AD4: Fenty Yunia Vianarika, S.Pd., Gr. | AE4: =IF(AF4="","",VLOOKUP(AC4,mapel!$A$2:$B$42,2,FALSE)) | AF4: =IF(AA4=0, "",IF(AA4 = 0.1, 0,AA4)) | AG4: =IF(AF4="","",IF(AF4>90,"Sangat baik",IF(AF4>79,"Baik",IF(AF4>=pub_gid_0_single_true_output_csv[[#This Row],[KKM]],"Cukup","Kurang")))) | AH4: =IF(AG4="","",VALUE(RIGHT(X4,2))) | AI4: =IF(OR(J4<>"Karakter",pub_gid_0_single_true_output_csv[[#This Row],[Nilai2]]=""),"",IF(AF4>89,"Sangat baik",IF(AF4>79,"Baik",IF(AF4>69,"Cukup",IF(AF4>59,"Kurang","Sangat kurang"))))) | AJ4: =IF(AF4="","",CONCATENATE("Wk.",WEEKNUM(F4,2))) | AK4: =IF(pub_gid_0_single_true_output_csv[[#This Row],[Nilai2]]="","",VLOOKUP(pub_gid_0_single_true_output_csv[[#This Row],[NAMA]],Table7[],3,FALSE))
A5: 4 | B5: 242510013 | C5: 11A | D5: Yohanes Bagau | E5: Intan Jaya | F5: 46057 | G5: 04 | H5: Feb | I5: 26 | J5: Teori | K5: Kognitif Formatif | L5: Observ | M5: Real | N5: Entrepreneur | O5: Product development | P5: Pengolahan Kopi atau Tepung | Q5: Product development | R5: Pengembangan produk inovasi | S5: F11.01.04 | T5: 1 | U5: Membentuk komunitas yang bertumbuh dalam pengenalan akan Firman Tuhan dan meyediakan ruang untuk saling membangun, berbagi serta mendalami Iman | V5: 01.04 | W5: Isu lingkungan & peran manusia | X5: K11 | Y5: F | Z5: 65 | AA5: 0 | AB5: Tidak tuntas | AC5: Agama Katolik | AD5: Fenty Yunia Vianarika, S.Pd., Gr. | AE5: =IF(AF5="","",VLOOKUP(AC5,mapel!$A$2:$B$42,2,FALSE)) | AF5: =IF(AA5=0, "",IF(AA5 = 0.1, 0,AA5)) | AG5: =IF(AF5="","",IF(AF5>90,"Sangat baik",IF(AF5>79,"Baik",IF(AF5>=pub_gid_0_single_true_output_csv[[#This Row],[KKM]],"Cukup","Kurang")))) | AH5: =IF(AG5="","",VALUE(RIGHT(X5,2))) | AI5: =IF(OR(J5<>"Karakter",pub_gid_0_single_true_output_csv[[#This Row],[Nilai2]]=""),"",IF(AF5>89,"Sangat baik",IF(AF5>79,"Baik",IF(AF5>69,"Cukup",IF(AF5>59,"Kurang","Sangat kurang"))))) | AJ5: =IF(AF5="","",CONCATENATE("Wk.",WEEKNUM(F5,2))) | AK5: =IF(pub_gid_0_single_true_output_csv[[#This Row],[Nilai2]]="","",VLOOKUP(pub_gid_0_single_true_output_csv[[#This Row],[NAMA]],Table7[],3,FALSE))
A6: 5 | B6: 242510011 | C6: 11A | D6: Roison Sondegau | E6: Intan Jaya | F6: 46036 | G6: 14 | H6: Jan | I6: 26 | J6: Teori | K6: Kognitif Formatif | L6: Observ | M6: Real | N6: Entrepreneur | O6: Product development | P6: Pengolahan Kopi atau Tepung | Q6: Product development | R6: Pengembangan produk inovasi | S6: F11.01.01 | T6: 1 | U6: Membentuk komunitas yang bertumbuh dalam pengenalan akan Firman Tuhan dan meyediakan ruang untuk saling membangun, berbagi serta mendalami Iman | V6: 01.01 | W6: Gaya hidup saleh di tengah budaya hedonisme | X6: K11 | Y6: F | Z6: 65 | AA6: 70 | AB6: Tuntas | AC6: Agama Katolik | AD6: Fenty Yunia Vianarika, S.Pd., Gr. | AE6: =IF(AF6="","",VLOOKUP(AC6,mapel!$A$2:$B$42,2,FALSE)) -> A.Katolik | AF6: =IF(AA6=0, "",IF(AA6 = 0.1, 0,AA6)) -> 70 | AG6: =IF(AF6="","",IF(AF6>90,"Sangat baik",IF(AF6>79,"Baik",IF(AF6>=pub_gid_0_single_true_output_csv[[#This Row],[KKM]],"Cukup","Kurang")))) -> Cukup | AH6: =IF(AG6="","",VALUE(RIGHT(X6,2))) -> 11 | AI6: =IF(OR(J6<>"Karakter",pub_gid_0_single_true_output_csv[[#This Row],[Nilai2]]=""),"",IF(AF6>89,"Sangat baik",IF(AF6>79,"Baik",IF(AF6>69,"Cukup",IF(AF6>59,"Kurang","Sangat kurang"))))) | AJ6: =IF(AF6="","",CONCATENATE("Wk.",WEEKNUM(F6,2))) -> Wk.3 | AK6: =IF(pub_gid_0_single_true_output_csv[[#This Row],[Nilai2]]="","",VLOOKUP(pub_gid_0_single_true_output_csv[[#This Row],[NAMA]],Table7[],3,FALSE)) -> Extremely low
A7: 6 | B7: 242510011 | C7: 11A | D7: Roison Sondegau | E7: Intan Jaya | F7: 46043 | G7: 21 | H7: Jan | I7: 26 | J7: Teori | K7: Kognitif Formatif | L7: Observ | M7: Real | N7: Entrepreneur | O7: Product development | P7: Pengolahan Kopi atau Tepung | Q7: Product development | R7: Pengembangan produk inovasi | S7: F11.01.02 | T7: 1 | U7: Membentuk komunitas yang bertumbuh dalam pengenalan akan Firman Tuhan dan meyediakan ruang untuk saling membangun, berbagi serta mendalami Iman | V7: 01.02 | W7: Peran Kristen di media sosial | X7: K11 | Y7: F | Z7: 65 | AA7: 75 | AB7: Tuntas | AC7: Agama Katolik | AD7: Fenty Yunia Vianarika, S.Pd., Gr. | AE7: =IF(AF7="","",VLOOKUP(AC7,mapel!$A$2:$B$42,2,FALSE)) -> A.Katolik | AF7: =IF(AA7=0, "",IF(AA7 = 0.1, 0,AA7)) -> 75 | AG7: =IF(AF7="","",IF(AF7>90,"Sangat baik",IF(AF7>79,"Baik",IF(AF7>=pub_gid_0_single_true_output_csv[[#This Row],[KKM]],"Cukup","Kurang")))) -> Cukup | AH7: =IF(AG7="","",VALUE(RIGHT(X7,2))) -> 11 | AI7: =IF(OR(J7<>"Karakter",pub_gid_0_single_true_output_csv[[#This Row],[Nilai2]]=""),"",IF(AF7>89,"Sangat baik",IF(AF7>79,"Baik",IF(AF7>69,"Cukup",IF(AF7>59,"Kurang","Sangat kurang"))))) | AJ7: =IF(AF7="","",CONCATENATE("Wk.",WEEKNUM(F7,2))) -> Wk.4 | AK7: =IF(pub_gid_0_single_true_output_csv[[#This Row],[Nilai2]]="","",VLOOKUP(pub_gid_0_single_true_output_csv[[#This Row],[NAMA]],Table7[],3,FALSE)) -> Extremely low
A8: 7 | B8: 242510011 | C8: 11A | D8: Roison Sondegau | E8: Intan Jaya | F8: 46050 | G8: 28 | H8: Jan | I8: 26 | J8: Skill | K8: Evaluasi & Kalibrasi | L8: Observ | M8: Real | N8: Entrepreneur | O8: Product development | P8: Pengolahan Kopi atau Tepung | Q8: Product development | R8: Pengembangan produk inovasi | S8: F11.01.03 | T8: 1 | U8: Membentuk komunitas yang bertumbuh dalam pengenalan akan Firman Tuhan dan meyediakan ruang untuk saling membangun, berbagi serta mendalami Iman | V8: 01.03 | W8: Dunia vs transformasi rohani | X8: K11 | Y8: F | Z8: 65 | AA8: 79 | AB8: Tuntas | AC8: Agama Katolik | AD8: Fenty Yunia Vianarika, S.Pd., Gr. | AE8: =IF(AF8="","",VLOOKUP(AC8,mapel!$A$2:$B$42,2,FALSE)) -> A.Katolik | AF8: =IF(AA8=0, "",IF(AA8 = 0.1, 0,AA8)) -> 79 | AG8: =IF(AF8="","",IF(AF8>90,"Sangat baik",IF(AF8>79,"Baik",IF(AF8>=pub_gid_0_single_true_output_csv[[#This Row],[KKM]],"Cukup","Kurang")))) -> Cukup | AH8: =IF(AG8="","",VALUE(RIGHT(X8,2))) -> 11 | AI8: =IF(OR(J8<>"Karakter",pub_gid_0_single_true_output_csv[[#This Row],[Nilai2]]=""),"",IF(AF8>89,"Sangat baik",IF(AF8>79,"Baik",IF(AF8>69,"Cukup",IF(AF8>59,"Kurang","Sangat kurang"))))) | AJ8: =IF(AF8="","",CONCATENATE("Wk.",WEEKNUM(F8,2))) -> Wk.5 | AK8: =IF(pub_gid_0_single_true_output_csv[[#This Row],[Nilai2]]="","",VLOOKUP(pub_gid_0_single_true_output_csv[[#This Row],[NAMA]],Table7[],3,FALSE)) -> Extremely low
A9: 8 | B9: 242510011 | C9: 11A | D9: Roison Sondegau | E9: Intan Jaya | F9: 46057 | G9: 04 | H9: Feb | I9: 26 | J9: Teori | K9: Kognitif Formatif | L9: Observ | M9: Real | N9: Entrepreneur | O9: Product development | P9: Pengolahan Kopi atau Tepung | Q9: Product development | R9: Pengembangan produk inovasi | S9: F11.01.04 | T9: 1 | U9: Membentuk komunitas yang bertumbuh dalam pengenalan akan Firman Tuhan dan meyediakan ruang untuk saling membangun, berbagi serta mendalami Iman | V9: 01.04 | W9: Isu lingkungan & peran manusia | X9: K11 | Y9: F | Z9: 65 | AA9: 80 | AB9: Tuntas | AC9: Agama Katolik | AD9: Fenty Yunia Vianarika, S.Pd., Gr. | AE9: =IF(AF9="","",VLOOKUP(AC9,mapel!$A$2:$B$42,2,FALSE)) -> A.Katolik | AF9: =IF(AA9=0, "",IF(AA9 = 0.1, 0,AA9)) -> 80 | AG9: =IF(AF9="","",IF(AF9>90,"Sangat baik",IF(AF9>79,"Baik",IF(AF9>=pub_gid_0_single_true_output_csv[[#This Row],[KKM]],"Cukup","Kurang")))) -> Baik | AH9: =IF(AG9="","",VALUE(RIGHT(X9,2))) -> 11 | AI9: =IF(OR(J9<>"Karakter",pub_gid_0_single_true_output_csv[[#This Row],[Nilai2]]=""),"",IF(AF9>89,"Sangat baik",IF(AF9>79,"Baik",IF(AF9>69,"Cukup",IF(AF9>59,"Kurang","Sangat kurang"))))) | AJ9: =IF(AF9="","",CONCATENATE("Wk.",WEEKNUM(F9,2))) -> Wk.6 | AK9: =IF(pub_gid_0_single_true_output_csv[[#This Row],[Nilai2]]="","",VLOOKUP(pub_gid_0_single_true_output_csv[[#This Row],[NAMA]],Table7[],3,FALSE)) -> Extremely low
A10: 9 | B10: 242510010 | C10: 11A | D10: Onance Mbaguau | E10: Intan Jaya | F10: 46036 | G10: 14 | H10: Jan | I10: 26 | J10: Teori | K10: Kognitif Formatif | L10: Observ | M10: Real | N10: Entrepreneur | O10: Product development | P10: Pengolahan Kopi atau Tepung | Q10: Product development | R10: Pengembangan produk inovasi | S10: F11.01.01 | T10: 1 | U10: Membentuk komunitas yang bertumbuh dalam pengenalan akan Firman Tuhan dan meyediakan ruang untuk saling membangun, berbagi serta mendalami Iman | V10: 01.01 | W10: Gaya hidup saleh di tengah budaya hedonisme | X10: K11 | Y10: F | Z10: 65 | AA10: 70 | AB10: Tuntas | AC10: Agama Katolik | AD10: Fenty Yunia Vianarika, S.Pd., Gr. | AE10: =IF(AF10="","",VLOOKUP(AC10,mapel!$A$2:$B$42,2,FALSE)) -> A.Katolik | AF10: =IF(AA10=0, "",IF(AA10 = 0.1, 0,AA10)) -> 70 | AG10: =IF(AF10="","",IF(AF10>90,"Sangat baik",IF(AF10>79,"Baik",IF(AF10>=pub_gid_0_single_true_output_csv[[#This Row],[KKM]],"Cukup","Kurang")))) -> Cukup | AH10: =IF(AG10="","",VALUE(RIGHT(X10,2))) -> 11 | AI10: =IF(OR(J10<>"Karakter",pub_gid_0_single_true_output_csv[[#This Row],[Nilai2]]=""),"",IF(AF10>89,"Sangat baik",IF(AF10>79,"Baik",IF(AF10>69,"Cukup",IF(AF10>59,"Kurang","Sangat kurang"))))) | AJ10: =IF(AF10="","",CONCATENATE("Wk.",WEEKNUM(F10,2))) -> Wk.3 | AK10: =IF(pub_gid_0_single_true_output_csv[[#This Row],[Nilai2]]="","",VLOOKUP(pub_gid_0_single_true_output_csv[[#This Row],[NAMA]],Table7[],3,FALSE)) -> Average
A11: 10 | B11: 242510010 | C11: 11A | D11: Onance Mbaguau | E11: Intan Jaya | F11: 46043 | G11: 21 | H11: Jan | I11: 26 | J11: Teori | K11: Kognitif Formatif | L11: Observ | M11: Real | N11: Entrepreneur | O11: Product development | P11: Pengolahan Kopi atau Tepung | Q11: Product development | R11: Pengembangan produk inovasi | S11: F11.01.02 | T11: 1 | U11: Membentuk komunitas yang bertumbuh dalam pengenalan akan Firman Tuhan dan meyediakan ruang untuk saling membangun, berbagi serta mendalami Iman | V11: 01.02 | W11: Peran Kristen di media sosial | X11: K11 | Y11: F | Z11: 65 | AA11: 75 | AB11: Tuntas | AC11: Agama Katolik | AD11: Fenty Yunia Vianarika, S.Pd., Gr. | AE11: =IF(AF11="","",VLOOKUP(AC11,mapel!$A$2:$B$42,2,FALSE)) -> A.Katolik | AF11: =IF(AA11=0, "",IF(AA11 = 0.1, 0,AA11)) -> 75 | AG11: =IF(AF11="","",IF(AF11>90,"Sangat baik",IF(AF11>79,"Baik",IF(AF11>=pub_gid_0_single_true_output_csv[[#This Row],[KKM]],"Cukup","Kurang")))) -> Cukup | AH11: =IF(AG11="","",VALUE(RIGHT(X11,2))) -> 11 | AI11: =IF(OR(J11<>"Karakter",pub_gid_0_single_true_output_csv[[#This Row],[Nilai2]]=""),"",IF(AF11>89,"Sangat baik",IF(AF11>79,"Baik",IF(AF11>69,"Cukup",IF(AF11>59,"Kurang","Sangat kurang"))))) | AJ11: =IF(AF11="","",CONCATENATE("Wk.",WEEKNUM(F11,2))) -> Wk.4 | AK11: =IF(pub_gid_0_single_true_output_csv[[#This Row],[Nilai2]]="","",VLOOKUP(pub_gid_0_single_true_output_csv[[#This Row],[NAMA]],Table7[],3,FALSE)) -> Average
A12: 11 | B12: 242510010 | C12: 11A | D12: Onance Mbaguau | E12: Intan Jaya | F12: 46050 | G12: 28 | H12: Jan | I12: 26 | J12: Skill | K12: Evaluasi & Kalibrasi | L12: Observ | M12: Real | N12: Entrepreneur | O12: Product development | P12: Pengolahan Kopi atau Tepung | Q12: Product development | R12: Pengembangan produk inovasi | S12: F11.01.03 | T12: 1 | U12: Membentuk komunitas yang bertumbuh dalam pengenalan akan Firman Tuhan dan meyediakan ruang untuk saling membangun, berbagi serta mendalami Iman | V12: 01.03 | W12: Dunia vs transformasi rohani | X12: K11 | Y12: F | Z12: 65 | AA12: 80 | AB12: Tuntas | AC12: Agama Katolik | AD12: Fenty Yunia Vianarika, S.Pd., Gr. | AE12: =IF(AF12="","",VLOOKUP(AC12,mapel!$A$2:$B$42,2,FALSE)) -> A.Katolik | AF12: =IF(AA12=0, "",IF(AA12 = 0.1, 0,AA12)) -> 80 | AG12: =IF(AF12="","",IF(AF12>90,"Sangat baik",IF(AF12>79,"Baik",IF(AF12>=pub_gid_0_single_true_output_csv[[#This Row],[KKM]],"Cukup","Kurang")))) -> Baik | AH12: =IF(AG12="","",VALUE(RIGHT(X12,2))) -> 11 | AI12: =IF(OR(J12<>"Karakter",pub_gid_0_single_true_output_csv[[#This Row],[Nilai2]]=""),"",IF(AF12>89,"Sangat baik",IF(AF12>79,"Baik",IF(AF12>69,"Cukup",IF(AF12>59,"Kurang","Sangat kurang"))))) | AJ12: =IF(AF12="","",CONCATENATE("Wk.",WEEKNUM(F12,2))) -> Wk.5 | AK12: =IF(pub_gid_0_single_true_output_csv[[#This Row],[Nilai2]]="","",VLOOKUP(pub_gid_0_single_true_output_csv[[#This Row],[NAMA]],Table7[],3,FALSE)) -> Average
A13: 12 | B13: 242510010 | C13: 11A | D13: Onance Mbaguau | E13: Intan Jaya | F13: 46057 | G13: 04 | H13: Feb | I13: 26 | J13: Teori | K13: Kognitif Formatif | L13: Observ | M13: Real | N13: Entrepreneur | O13: Product development | P13: Pengolahan Kopi atau Tepung | Q13: Product development | R13: Pengembangan produk inovasi | S13: F11.01.04 | T13: 1 | U13: Membentuk komunitas yang bertumbuh dalam pengenalan akan Firman Tuhan dan meyediakan ruang untuk saling membangun, berbagi serta mendalami Iman | V13: 01.04 | W13: Isu lingkungan & peran manusia | X13: K11 | Y13: F | Z13: 65 | AA13: 75 | AB13: Tuntas | AC13: Agama Katolik | AD13: Fenty Yunia Vianarika, S.Pd., Gr. | AE13: =IF(AF13="","",VLOOKUP(AC13,mapel!$A$2:$B$42,2,FALSE)) -> A.Katolik | AF13: =IF(AA13=0, "",IF(AA13 = 0.1, 0,AA13)) -> 75 | AG13: =IF(AF13="","",IF(AF13>90,"Sangat baik",IF(AF13>79,"Baik",IF(AF13>=pub_gid_0_single_true_output_csv[[#This Row],[KKM]],"Cukup","Kurang")))) -> Cukup | AH13: =IF(AG13="","",VALUE(RIGHT(X13,2))) -> 11 | AI13: =IF(OR(J13<>"Karakter",pub_gid_0_single_true_output_csv[[#This Row],[Nilai2]]=""),"",IF(AF13>89,"Sangat baik",IF(AF13>79,"Baik",IF(AF13>69,"Cukup",IF(AF13>59,"Kurang","Sangat kurang"))))) | AJ13: =IF(AF13="","",CONCATENATE("Wk.",WEEKNUM(F13,2))) -> Wk.6 | AK13: =IF(pub_gid_0_single_true_output_csv[[#This Row],[Nilai2]]="","",VLOOKUP(pub_gid_0_single_true_output_csv[[#This Row],[NAMA]],Table7[],3,FALSE)) -> Average
... A529: 528 | B529: 242510012 | C529: 11A | D529: Wenes Tapani | E529: Intan Jaya | F529: 46071 | G529: 18 | H529: Feb | I529: 26 | J529: Teori | K529: Kognitif Formatif | L529: Projek | M529: Real | N529: Entrepreneur | O529: Product development | P529: Pengolahan Kopi atau Tepung | Q529: Product development | R529: Pengembangan produk inovasi | S529: F11.02.01 | T529: 2 | U529: mengargumentasikan yang berkaitan dengan pengembangan produk untuk peningkatan taraf perekonomian masyarakat melalui karya tulis ilmiah | V529: 02.01 | W529: Exposition Text | X529: K11 | Y529: F | Z529: 65 | AA529: 70 | AB529: Tuntas | AC529: Bahasa Inggris | AD529: Fenty Yunia Vianarika, S.Pd., Gr. | AE529: =IF(AF529="","",VLOOKUP(AC529,mapel!$A$2:$B$42,2,FALSE)) -> B.Ing | AF529: =IF(AA529=0, "",IF(AA529 = 0.1, 0,AA529)) -> 70 | AG529: =IF(AF529="","",IF(AF529>90,"Sangat baik",IF(AF529>79,"Baik",IF(AF529>=pub_gid_0_single_true_output_csv[[#This Row],[KKM]],"Cukup","Kurang")))) -> Cukup | AH529: =IF(AG529="","",VALUE(RIGHT(X529,2))) -> 11 | AI529: =IF(OR(J529<>"Karakter",pub_gid_0_single_true_output_csv[[#This Row],[Nilai2]]=""),"",IF(AF529>89,"Sangat baik",IF(AF529>79,"Baik",IF(AF529>69,"Cukup",IF(AF529>59,"Kurang","Sangat kurang"))))) | AJ529: =IF(AF529="","",CONCATENATE("Wk.",WEEKNUM(F529,2))) -> Wk.8 | AK529: =IF(pub_gid_0_single_true_output_csv[[#This Row],[Nilai2]]="","",VLOOKUP(pub_gid_0_single_true_output_csv[[#This Row],[NAMA]],Table7[],3,FALSE)) -> Average
A530: 529 | B530: #N/A | C530: #VALUE! | D530: #VALUE! | E530: #VALUE! | G530: ,,,,,,,,,,,, | H530: ,,,,,,,,,,,, | I530: ,,,,,,,,,,,, | J530: ,,,,,,,,,,,, | K530: |||||||||||| | L530: |||||||||||| | M530: ,,,,,,,,,,,, | Q530: N | R530: N | S530: ,,,,,,,,,,,, | V530: ,,,,, | W530: #N/A | X530: ,,,,,,,,,,,, | Y530: , | Z530: 65 | AB530: #REF! | AC530: Bahasa Sunda | AD530: Fenty Yunia Vianarika, S.Pd., Gr. | AE530: =IF(AF530="","",VLOOKUP(AC530,mapel!$A$2:$B$42,2,FALSE)) | AF530: =IF(AA530=0, "",IF(AA530 = 0.1, 0,AA530)) | AG530: =IF(AF530="","",IF(AF530>90,"Sangat baik",IF(AF530>79,"Baik",IF(AF530>=pub_gid_0_single_true_output_csv[[#This Row],[KKM]],"Cukup","Kurang")))) | AH530: =IF(AG530="","",VALUE(RIGHT(X530,2))) | AI530: =IF(OR(J530<>"Karakter",pub_gid_0_single_true_output_csv[[#This Row],[Nilai2]]=""),"",IF(AF530>89,"Sangat baik",IF(AF530>79,"Baik",IF(AF530>69,"Cukup",IF(AF530>59,"Kurang","Sangat kurang"))))) | AJ530: =IF(AF530="","",CONCATENATE("Wk.",WEEKNUM(F530,2))) | AK530: =IF(pub_gid_0_single_true_output_csv[[#This Row],[Nilai2]]="","",VLOOKUP(pub_gid_0_single_true_output_csv[[#This Row],[NAMA]],Table7[],3,FALSE))
A531: 530 | B531: 242510001 | C531: 11A | D531: Apia Miagoni | E531: Intan Jaya | F531: 46041 | G531: 19 | H531: Jan | I531: 26 | J531: Teori | K531: Kognitif Formatif | L531: Latihan | M531: Real | N531: Entrepreneur | O531: Product development | P531: Pengolahan Kopi atau Tepung | Q531: Product development | R531: Pengembangan produk inovasi | S531: F11.03.01 | T531: 3 | U531: Pemahaman nutrisi yang terkandung pada makanan terutama pada kopi dan singkong | V531: 03.01 | W531: Nutrisi pada Makanan | X531: K11 | Y531: F | Z531: 65 | AA531: 100 | AB531: Tuntas | AC531: Biologi | AD531: Eka Dewi Sriyani, S.Pd., M.Si., Gr. | AE531: =IF(AF531="","",VLOOKUP(AC531,mapel!$A$2:$B$42,2,FALSE)) -> Biologi | AF531: =IF(AA531=0, "",IF(AA531 = 0.1, 0,AA531)) -> 100 | AG531: =IF(AF531="","",IF(AF531>90,"Sangat baik",IF(AF531>79,"Baik",IF(AF531>=pub_gid_0_single_true_output_csv[[#This Row],[KKM]],"Cukup","Kurang")))) -> Sangat baik | AH531: =IF(AG531="","",VALUE(RIGHT(X531,2))) -> 11 | AI531: =IF(OR(J531<>"Karakter",pub_gid_0_single_true_output_csv[[#This Row],[Nilai2]]=""),"",IF(AF531>89,"Sangat baik",IF(AF531>79,"Baik",IF(AF531>69,"Cukup",IF(AF531>59,"Kurang","Sangat kurang"))))) | AJ531: =IF(AF531="","",CONCATENATE("Wk.",WEEKNUM(F531,2))) -> Wk.4 | AK531: =IF(pub_gid_0_single_true_output_csv[[#This Row],[Nilai2]]="","",VLOOKUP(pub_gid_0_single_true_output_csv[[#This Row],[NAMA]],Table7[],3,FALSE)) -> Average
A532: 531 | B532: 242510007 | C532: 11A | D532: Jupiten Bagau | E532: Intan Jaya | F532: 46041 | G532: 19 | H532: Jan | I532: 26 | J532: Teori | K532: Kognitif Formatif | L532: Latihan | M532: Real | N532: Entrepreneur | O532: Product development | P532: Pengolahan Kopi atau Tepung | Q532: Product development | R532: Pengembangan produk inovasi | S532: F11.03.01 | T532: 3 | U532: Pemahaman nutrisi yang terkandung pada makanan terutama pada kopi dan singkong | V532: 03.01 | W532: Nutrisi pada Makanan | X532: K11 | Y532: F | Z532: 65 | AA532: 40 | AB532: Tidak tuntas | AC532: Biologi | AD532: Eka Dewi Sriyani, S.Pd., M.Si., Gr. | AE532: =IF(AF532="","",VLOOKUP(AC532,mapel!$A$2:$B$42,2,FALSE)) -> Biologi | AF532: =IF(AA532=0, "",IF(AA532 = 0.1, 0,AA532)) -> 40 | AG532: =IF(AF532="","",IF(AF532>90,"Sangat baik",IF(AF532>79,"Baik",IF(AF532>=pub_gid_0_single_true_output_csv[[#This Row],[KKM]],"Cukup","Kurang")))) -> Kurang | AH532: =IF(AG532="","",VALUE(RIGHT(X532,2))) -> 11 | AI532: =IF(OR(J532<>"Karakter",pub_gid_0_single_true_output_csv[[#This Row],[Nilai2]]=""),"",IF(AF532>89,"Sangat baik",IF(AF532>79,"Baik",IF(AF532>69,"Cukup",IF(AF532>59,"Kurang","Sangat kurang"))))) | AJ532: =IF(AF532="","",CONCATENATE("Wk.",WEEKNUM(F532,2))) -> Wk.4 | AK532: =IF(pub_gid_0_single_true_output_csv[[#This Row],[Nilai2]]="","",VLOOKUP(pub_gid_0_single_true_output_csv[[#This Row],[NAMA]],Table7[],3,FALSE)) -> Superior
A533: 532 | B533: 242510008 | C533: 11A | D533: Lince Tigi | E533: Dogiyai | F533: 46041 | G533: 19 | H533: Jan | I533: 26 | J533: Teori | K533: Kognitif Formatif | L533: Latihan | M533: Real | N533: Entrepreneur | O533: Product development | P533: Pengolahan Kopi atau Tepung | Q533: Product development | R533: Pengembangan produk inovasi | S533: F11.03.01 | T533: 3 | U533: Pemahaman nutrisi yang terkandung pada makanan terutama pada kopi dan singkong | V533: 03.01 | W533: Nutrisi pada Makanan | X533: K11 | Y533: F | Z533: 65 | AA533: 89 | AB533: Tuntas | AC533: Biologi | AD533: Eka Dewi Sriyani, S.Pd., M.Si., Gr. | AE533: =IF(AF533="","",VLOOKUP(AC533,mapel!$A$2:$B$42,2,FALSE)) -> Biologi | AF533: =IF(AA533=0, "",IF(AA533 = 0.1, 0,AA533)) -> 89 | AG533: =IF(AF533="","",IF(AF533>90,"Sangat baik",IF(AF533>79,"Baik",IF(AF533>=pub_gid_0_single_true_output_csv[[#This Row],[KKM]],"Cukup","Kurang")))) -> Baik | AH533: =IF(AG533="","",VALUE(RIGHT(X533,2))) -> 11 | AI533: =IF(OR(J533<>"Karakter",pub_gid_0_single_true_output_csv[[#This Row],[Nilai2]]=""),"",IF(AF533>89,"Sangat baik",IF(AF533>79,"Baik",IF(AF533>69,"Cukup",IF(AF533>59,"Kurang","Sangat kurang"))))) | AJ533: =IF(AF533="","",CONCATENATE("Wk.",WEEKNUM(F533,2))) -> Wk.4 | AK533: =IF(pub_gid_0_single_true_output_csv[[#This Row],[Nilai2]]="","",VLOOKUP(pub_gid_0_single_true_output_csv[[#This Row],[NAMA]],Table7[],3,FALSE)) -> High average
A534: 533 | B534: 242510013 | C534: 11A | D534: Yohanes Bagau | E534: Intan Jaya | F534: 46041 | G534: 19 | H534: Jan | I534: 26 | J534: Teori | K534: Kognitif Formatif | L534: Latihan | M534: Real | N534: Entrepreneur | O534: Product development | P534: Pengolahan Kopi atau Tepung | Q534: Product development | R534: Pengembangan produk inovasi | S534: F11.03.01 | T534: 3 | U534: Pemahaman nutrisi yang terkandung pada makanan terutama pada kopi dan singkong | V534: 03.01 | W534: Nutrisi pada Makanan | X534: K11 | Y534: F | Z534: 65 | AA534: 40 | AB534: Tidak tuntas | AC534: Biologi | AD534: Eka Dewi Sriyani, S.Pd., M.Si., Gr. | AE534: =IF(AF534="","",VLOOKUP(AC534,mapel!$A$2:$B$42,2,FALSE)) -> Biologi | AF534: =IF(AA534=0, "",IF(AA534 = 0.1, 0,AA534)) -> 40 | AG534: =IF(AF534="","",IF(AF534>90,"Sangat baik",IF(AF534>79,"Baik",IF(AF534>=pub_gid_0_single_true_output_csv[[#This Row],[KKM]],"Cukup","Kurang")))) -> Kurang | AH534: =IF(AG534="","",VALUE(RIGHT(X534,2))) -> 11 | AI534: =IF(OR(J534<>"Karakter",pub_gid_0_single_true_output_csv[[#This Row],[Nilai2]]=""),"",IF(AF534>89,"Sangat baik",IF(AF534>79,"Baik",IF(AF534>69,"Cukup",IF(AF534>59,"Kurang","Sangat kurang"))))) | AJ534: =IF(AF534="","",CONCATENATE("Wk.",WEEKNUM(F534,2))) -> Wk.4 | AK534: =IF(pub_gid_0_single_true_output_csv[[#This Row],[Nilai2]]="","",VLOOKUP(pub_gid_0_single_true_output_csv[[#This Row],[NAMA]],Table7[],3,FALSE)) -> #N/A
A535: 534 | B535: 242510014 | C535: 11A | D535: Yoas Bagau | E535: Inta jaya | F535: 46041 | G535: 19 | H535: Jan | I535: 26 | J535: Teori | K535: Kognitif Formatif | L535: Latihan | M535: Real | N535: Entrepreneur | O535: Product development | P535: Pengolahan Kopi atau Tepung | Q535: Product development | R535: Pengembangan produk inovasi | S535: F11.03.01 | T535: 3 | U535: Pemahaman nutrisi yang terkandung pada makanan terutama pada kopi dan singkong | V535: 03.01 | W535: Nutrisi pada Makanan | X535: K11 | Y535: F | Z535: 65 | AA535: 99 | AB535: Tuntas | AC535: Biologi | AD535: Eka Dewi Sriyani, S.Pd., M.Si., Gr. | AE535: =IF(AF535="","",VLOOKUP(AC535,mapel!$A$2:$B$42,2,FALSE)) -> Biologi | AF535: =IF(AA535=0, "",IF(AA535 = 0.1, 0,AA535)) -> 99 | AG535: =IF(AF535="","",IF(AF535>90,"Sangat baik",IF(AF535>79,"Baik",IF(AF535>=pub_gid_0_single_true_output_csv[[#This Row],[KKM]],"Cukup","Kurang")))) -> Sangat baik | AH535: =IF(AG535="","",VALUE(RIGHT(X535,2))) -> 11 | AI535: =IF(OR(J535<>"Karakter",pub_gid_0_single_true_output_csv[[#This Row],[Nilai2]]=""),"",IF(AF535>89,"Sangat baik",IF(AF535>79,"Baik",IF(AF535>69,"Cukup",IF(AF535>59,"Kurang","Sangat kurang"))))) | AJ535: =IF(AF535="","",CONCATENATE("Wk.",WEEKNUM(F535,2))) -> Wk.4 | AK535: =IF(pub_gid_0_single_true_output_csv[[#This Row],[Nilai2]]="","",VLOOKUP(pub_gid_0_single_true_output_csv[[#This Row],[NAMA]],Table7[],3,FALSE)) -> Average
A536: 535 | B536: 242510011 | C536: 11A | D536: Roison Sondegau | E536: Intan Jaya | F536: 46041 | G536: 19 | H536: Jan | I536: 26 | J536: Teori | K536: Kognitif Formatif | L536: Latihan | M536: Real | N536: Entrepreneur | O536: Product development | P536: Pengolahan Kopi atau Tepung | Q536: Product development | R536: Pengembangan produk inovasi | S536: F11.03.01 | T536: 3 | U536: Pemahaman nutrisi yang terkandung pada makanan terutama pada kopi dan singkong | V536: 03.01 | W536: Nutrisi pada Makanan | X536: K11 | Y536: F | Z536: 65 | AA536: 98 | AB536: Tuntas | AC536: Biologi | AD536: Eka Dewi Sriyani, S.Pd., M.Si., Gr. | AE536: =IF(AF536="","",VLOOKUP(AC536,mapel!$A$2:$B$42,2,FALSE)) -> Biologi | AF536: =IF(AA536=0, "",IF(AA536 = 0.1, 0,AA536)) -> 98 | AG536: =IF(AF536="","",IF(AF536>90,"Sangat baik",IF(AF536>79,"Baik",IF(AF536>=pub_gid_0_single_true_output_csv[[#This Row],[KKM]],"Cukup","Kurang")))) -> Sangat baik | AH536: =IF(AG536="","",VALUE(RIGHT(X536,2))) -> 11 | AI536: =IF(OR(J536<>"Karakter",pub_gid_0_single_true_output_csv[[#This Row],[Nilai2]]=""),"",IF(AF536>89,"Sangat baik",IF(AF536>79,"Baik",IF(AF536>69,"Cukup",IF(AF536>59,"Kurang","Sangat kurang"))))) | AJ536: =IF(AF536="","",CONCATENATE("Wk.",WEEKNUM(F536,2))) -> Wk.4 | AK536: =IF(pub_gid_0_single_true_output_csv[[#This Row],[Nilai2]]="","",VLOOKUP(pub_gid_0_single_true_output_csv[[#This Row],[NAMA]],Table7[],3,FALSE)) -> Extremely low
A537: 536 | B537: 242510004 | C537: 11A | D537: Etty Ebrata Holombau | E537: Inta jaya | F537: 46041 | G537: 19 | H537: Jan | I537: 26 | J537: Teori | K537: Kognitif Formatif | L537: Latihan | M537: Real | N537: Entrepreneur | O537: Product development | P537: Pengolahan Kopi atau Tepung | Q537: Product development | R537: Pengembangan produk inovasi | S537: F11.03.01 | T537: 3 | U537: Pemahaman nutrisi yang terkandung pada makanan terutama pada kopi dan singkong | V537: 03.01 | W537: Nutrisi pada Makanan | X537: K11 | Y537: F | Z537: 65 | AA537: 98 | AB537: Tuntas | AC537: Biologi | AD537: Eka Dewi Sriyani, S.Pd., M.Si., Gr. | AE537: =IF(AF537="","",VLOOKUP(AC537,mapel!$A$2:$B$42,2,FALSE)) -> Biologi | AF537: =IF(AA537=0, "",IF(AA537 = 0.1, 0,AA537)) -> 98 | AG537: =IF(AF537="","",IF(AF537>90,"Sangat baik",IF(AF537>79,"Baik",IF(AF537>=pub_gid_0_single_true_output_csv[[#This Row],[KKM]],"Cukup","Kurang")))) -> Sangat baik | AH537: =IF(AG537="","",VALUE(RIGHT(X537,2))) -> 11 | AI537: =IF(OR(J537<>"Karakter",pub_gid_0_single_true_output_csv[[#This Row],[Nilai2]]=""),"",IF(AF537>89,"Sangat baik",IF(AF537>79,"Baik",IF(AF537>69,"Cukup",IF(AF537>59,"Kurang","Sangat kurang"))))) | AJ537: =IF(AF537="","",CONCATENATE("Wk.",WEEKNUM(F537,2))) -> Wk.4 | AK537: =IF(pub_gid_0_single_true_output_csv[[#This Row],[Nilai2]]="","",VLOOKUP(pub_gid_0_single_true_output_csv[[#This Row],[NAMA]],Table7[],3,FALSE)) -> High average
A538: 537 | B538: 242510010 | C538: 11A | D538: Onance Mbaguau | E538: Intan Jaya | F538: 46041 | G538: 19 | H538: Jan | I538: 26 | J538: Teori | K538: Kognitif Formatif | L538: Latihan | M538: Real | N538: Entrepreneur | O538: Product development | P538: Pengolahan Kopi atau Tepung | Q538: Product development | R538: Pengembangan produk inovasi | S538: F11.03.01 | T538: 3 | U538: Pemahaman nutrisi yang terkandung pada makanan terutama pada kopi dan singkong | V538: 03.01 | W538: Nutrisi pada Makanan | X538: K11 | Y538: F | Z538: 65 | AA538: 82 | AB538: Tuntas | AC538: Biologi | AD538: Eka Dewi Sriyani, S.Pd., M.Si., Gr. | AE538: =IF(AF538="","",VLOOKUP(AC538,mapel!$A$2:$B$42,2,FALSE)) -> Biologi | AF538: =IF(AA538=0, "",IF(AA538 = 0.1, 0,AA538)) -> 82 | AG538: =IF(AF538="","",IF(AF538>90,"Sangat baik",IF(AF538>79,"Baik",IF(AF538>=pub_gid_0_single_true_output_csv[[#This Row],[KKM]],"Cukup","Kurang")))) -> Baik | AH538: =IF(AG538="","",VALUE(RIGHT(X538,2))) -> 11 | AI538: =IF(OR(J538<>"Karakter",pub_gid_0_single_true_output_csv[[#This Row],[Nilai2]]=""),"",IF(AF538>89,"Sangat baik",IF(AF538>79,"Baik",IF(AF538>69,"Cukup",IF(AF538>59,"Kurang","Sangat kurang"))))) | AJ538: =IF(AF538="","",CONCATENATE("Wk.",WEEKNUM(F538,2))) -> Wk.4 | AK538: =IF(pub_gid_0_single_true_output_csv[[#This Row],[Nilai2]]="","",VLOOKUP(pub_gid_0_single_true_output_csv[[#This Row],[NAMA]],Table7[],3,FALSE)) -> Average
A539: 538 | B539: 242510002 | C539: 11A | D539: Agustinus Tipagau | E539: Intan Jaya | F539: 46041 | G539: 19 | H539: Jan | I539: 26 | J539: Teori | K539: Kognitif Formatif | L539: Latihan | M539: Real | N539: Entrepreneur | O539: Product development | P539: Pengolahan Kopi atau Tepung | Q539: Product development | R539: Pengembangan produk inovasi | S539: F11.03.01 | T539: 3 | U539: Pemahaman nutrisi yang terkandung pada makanan terutama pada kopi dan singkong | V539: 03.01 | W539: Nutrisi pada Makanan | X539: K11 | Y539: F | Z539: 65 | AA539: 40 | AB539: Tidak tuntas | AC539: Biologi | AD539: Eka Dewi Sriyani, S.Pd., M.Si., Gr. | AE539: =IF(AF539="","",VLOOKUP(AC539,mapel!$A$2:$B$42,2,FALSE)) -> Biologi | AF539: =IF(AA539=0, "",IF(AA539 = 0.1, 0,AA539)) -> 40 | AG539: =IF(AF539="","",IF(AF539>90,"Sangat baik",IF(AF539>79,"Baik",IF(AF539>=pub_gid_0_single_true_output_csv[[#This Row],[KKM]],"Cukup","Kurang")))) -> Kurang | AH539: =IF(AG539="","",VALUE(RIGHT(X539,2))) -> 11 | AI539: =IF(OR(J539<>"Karakter",pub_gid_0_single_true_output_csv[[#This Row],[Nilai2]]=""),"",IF(AF539>89,"Sangat baik",IF(AF539>79,"Baik",IF(AF539>69,"Cukup",IF(AF539>59,"Kurang","Sangat kurang"))))) | AJ539: =IF(AF539="","",CONCATENATE("Wk.",WEEKNUM(F539,2))) -> Wk.4 | AK539: =IF(pub_gid_0_single_true_output_csv[[#This Row],[Nilai2]]="","",VLOOKUP(pub_gid_0_single_true_output_csv[[#This Row],[NAMA]],Table7[],3,FALSE)) -> Extremely low
A540: 539 | B540: 242510006 | C540: 11A | D540: Jonias Bagau | E540: Nabire | F540: 46041 | G540: 19 | H540: Jan | I540: 26 | J540: Teori | K540: Kognitif Formatif | L540: Latihan | M540: Real | N540: Entrepreneur | O540: Product development | P540: Pengolahan Kopi atau Tepung | Q540: Product development | R540: Pengembangan produk inovasi | S540: F11.03.01 | T540: 3 | U540: Pemahaman nutrisi yang terkandung pada makanan terutama pada kopi dan singkong | V540: 03.01 | W540: Nutrisi pada Makanan | X540: K11 | Y540: F | Z540: 65 | AA540: 91 | AB540: Tuntas | AC540: Biologi | AD540: Eka Dewi Sriyani, S.Pd., M.Si., Gr. | AE540: =IF(AF540="","",VLOOKUP(AC540,mapel!$A$2:$B$42,2,FALSE)) -> Biologi | AF540: =IF(AA540=0, "",IF(AA540 = 0.1, 0,AA540)) -> 91 | AG540: =IF(AF540="","",IF(AF540>90,"Sangat baik",IF(AF540>79,"Baik",IF(AF540>=pub_gid_0_single_true_output_csv[[#This Row],[KKM]],"Cukup","Kurang")))) -> Sangat baik | AH540: =IF(AG540="","",VALUE(RIGHT(X540,2))) -> 11 | AI540: =IF(OR(J540<>"Karakter",pub_gid_0_single_true_output_csv[[#This Row],[Nilai2]]=""),"",IF(AF540>89,"Sangat baik",IF(AF540>79,"Baik",IF(AF540>69,"Cukup",IF(AF540>59,"Kurang","Sangat kurang"))))) | AJ540: =IF(AF540="","",CONCATENATE("Wk.",WEEKNUM(F540,2))) -> Wk.4 | AK540: =IF(pub_gid_0_single_true_output_csv[[#This Row],[Nilai2]]="","",VLOOKUP(pub_gid_0_single_true_output_csv[[#This Row],[NAMA]],Table7[],3,FALSE)) -> Average
A541: 540 | B541: 242510009 | C541: 11A | D541: Lovin Miagoni | E541: Nabire | F541: 46041 | G541: 19 | H541: Jan | I541: 26 | J541: Teori | K541: Kognitif Formatif | L541: Latihan | M541: Real | N541: Entrepreneur | O541: Product development | P541: Pengolahan Kopi atau Tepung | Q541: Product development | R541: Pengembangan produk inovasi | S541: F11.03.01 | T541: 3 | U541: Pemahaman nutrisi yang terkandung pada makanan terutama pada kopi dan singkong | V541: 03.01 | W541: Nutrisi pada Makanan | X541: K11 | Y541: F | Z541: 65 | AA541: 94 | AB541: Tuntas | AC541: Biologi | AD541: Eka Dewi Sriyani, S.Pd., M.Si., Gr. | AE541: =IF(AF541="","",VLOOKUP(AC541,mapel!$A$2:$B$42,2,FALSE)) -> Biologi | AF541: =IF(AA541=0, "",IF(AA541 = 0.1, 0,AA541)) -> 94 | AG541: =IF(AF541="","",IF(AF541>90,"Sangat baik",IF(AF541>79,"Baik",IF(AF541>=pub_gid_0_single_true_output_csv[[#This Row],[KKM]],"Cukup","Kurang")))) -> Sangat baik | AH541: =IF(AG541="","",VALUE(RIGHT(X541,2))) -> 11 | AI541: =IF(OR(J541<>"Karakter",pub_gid_0_single_true_output_csv[[#This Row],[Nilai2]]=""),"",IF(AF541>89,"Sangat baik",IF(AF541>79,"Baik",IF(AF541>69,"Cukup",IF(AF541>59,"Kurang","Sangat kurang"))))) | AJ541: =IF(AF541="","",CONCATENATE("Wk.",WEEKNUM(F541,2))) -> Wk.4 | AK541: =IF(pub_gid_0_single_true_output_csv[[#This Row],[Nilai2]]="","",VLOOKUP(pub_gid_0_single_true_output_csv[[#This Row],[NAMA]],Table7[],3,FALSE)) -> Low average
A542: 541 | B542: 242510012 | C542: 11A | D542: Wenes Tapani | E542: Intan Jaya | F542: 46041 | G542: 19 | H542: Jan | I542: 26 | J542: Teori | K542: Kognitif Formatif | L542: Latihan | M542: Real | N542: Entrepreneur | O542: Product development | P542: Pengolahan Kopi atau Tepung | Q542: Product development | R542: Pengembangan produk inovasi | S542: F11.03.01 | T542: 3 | U542: Pemahaman nutrisi yang terkandung pada makanan terutama pada kopi dan singkong | V542: 03.01 | W542: Nutrisi pada Makanan | X542: K11 | Y542: F | Z542: 65 | AA542: 97 | AB542: Tuntas | AC542: Biologi | AD542: Eka Dewi Sriyani, S.Pd., M.Si., Gr. | AE542: =IF(AF542="","",VLOOKUP(AC542,mapel!$A$2:$B$42,2,FALSE)) -> Biologi | AF542: =IF(AA542=0, "",IF(AA542 = 0.1, 0,AA542)) -> 97 | AG542: =IF(AF542="","",IF(AF542>90,"Sangat baik",IF(AF542>79,"Baik",IF(AF542>=pub_gid_0_single_true_output_csv[[#This Row],[KKM]],"Cukup","Kurang")))) -> Sangat baik | AH542: =IF(AG542="","",VALUE(RIGHT(X542,2))) -> 11 | AI542: =IF(OR(J542<>"Karakter",pub_gid_0_single_true_output_csv[[#This Row],[Nilai2]]=""),"",IF(AF542>89,"Sangat baik",IF(AF542>79,"Baik",IF(AF542>69,"Cukup",IF(AF542>59,"Kurang","Sangat kurang"))))) | AJ542: =IF(AF542="","",CONCATENATE("Wk.",WEEKNUM(F542,2))) -> Wk.4 | AK542: =IF(pub_gid_0_single_true_output_csv[[#This Row],[Nilai2]]="","",VLOOKUP(pub_gid_0_single_true_output_csv[[#This Row],[NAMA]],Table7[],3,FALSE)) -> Average
... A902: 901 | B902: 242510012 | C902: 11A | D902: Wenes Tapani | E902: Intan Jaya | F902: 46064 | G902: 11 | H902: Feb | I902: 26 | J902: Teori | K902: Kognitif Formatif | L902: Latihan | M902: Real | N902: Entrepreneur | O902: Product development | P902: Pengolahan Kopi atau Tepung | Q902: Product development | R902: Produksi berkelanjutan | S902: F11.01.02 | T902: 1 | U902: mengaplikasikan perbandingan trigonometri (sinus, cosinus, tangen) dari sudut lancip. | V902: 01.02 | W902: Perbandingan trigonometri | X902: K11 | Y902: F | Z902: 65 | AA902: 30 | AB902: Tidak tuntas | AC902: Matematika | AD902: Gabriel Iwan Prasetyono, M.Si. | AE902: =IF(AF902="","",VLOOKUP(AC902,mapel!$A$2:$B$42,2,FALSE)) -> Math | AF902: =IF(AA902=0, "",IF(AA902 = 0.1, 0,AA902)) -> 30 | AG902: =IF(AF902="","",IF(AF902>90,"Sangat baik",IF(AF902>79,"Baik",IF(AF902>=pub_gid_0_single_true_output_csv[[#This Row],[KKM]],"Cukup","Kurang")))) -> Kurang | AH902: =IF(AG902="","",VALUE(RIGHT(X902,2))) -> 11 | AI902: =IF(OR(J902<>"Karakter",pub_gid_0_single_true_output_csv[[#This Row],[Nilai2]]=""),"",IF(AF902>89,"Sangat baik",IF(AF902>79,"Baik",IF(AF902>69,"Cukup",IF(AF902>59,"Kurang","Sangat kurang"))))) | AJ902: =IF(AF902="","",CONCATENATE("Wk.",WEEKNUM(F902,2))) -> Wk.7 | AK902: =IF(pub_gid_0_single_true_output_csv[[#This Row],[Nilai2]]="","",VLOOKUP(pub_gid_0_single_true_output_csv[[#This Row],[NAMA]],Table7[],3,FALSE)) -> Average
A903: 902 | B903: #N/A | C903: #VALUE! | D903: #VALUE! | E903: #VALUE! | G903: ,,,,,,,,,,,, | H903: ,,,,,,,,,,,, | I903: ,,,,,,,,,,,, | J903: ,,,,,,,,,,,, | K903: |||||||||||| | L903: |||||||||||| | M903: ,,,,,,,,,,,, | Q903: N | R903: N | S903: ,,,,,,,,,,,, | V903: ,,,,, | W903: #N/A | X903: ,,,,,,,,,,,, | Y903: , | Z903: 65 | AB903: #REF! | AC903: Matematika Tingkat Lanjut | AD903: Fenty Yunia Vianarika, S.Pd., Gr. | AE903: =IF(AF903="","",VLOOKUP(AC903,mapel!$A$2:$B$42,2,FALSE)) | AF903: =IF(AA903=0, "",IF(AA903 = 0.1, 0,AA903)) | AG903: =IF(AF903="","",IF(AF903>90,"Sangat baik",IF(AF903>79,"Baik",IF(AF903>=pub_gid_0_single_true_output_csv[[#This Row],[KKM]],"Cukup","Kurang")))) | AH903: =IF(AG903="","",VALUE(RIGHT(X903,2))) | AI903: =IF(OR(J903<>"Karakter",pub_gid_0_single_true_output_csv[[#This Row],[Nilai2]]=""),"",IF(AF903>89,"Sangat baik",IF(AF903>79,"Baik",IF(AF903>69,"Cukup",IF(AF903>59,"Kurang","Sangat kurang"))))) | AJ903: =IF(AF903="","",CONCATENATE("Wk.",WEEKNUM(F903,2))) | AK903: =IF(pub_gid_0_single_true_output_csv[[#This Row],[Nilai2]]="","",VLOOKUP(pub_gid_0_single_true_output_csv[[#This Row],[NAMA]],Table7[],3,FALSE))
A904: 903 | B904: #N/A | C904: #VALUE! | D904: #VALUE! | E904: #VALUE! | G904: ,,,,,,,,,,,, | H904: ,,,,,,,,,,,, | I904: ,,,,,,,,,,,, | J904: ,,,,,,,,,,,, | K904: |||||||||||| | L904: |||||||||||| | M904: ,,,,,,,,,,,, | Q904: N | R904: N | S904: ,,,,,,,,,,,, | V904: ,,,,, | W904: #N/A | X904: ,,,,,,,,,,,, | Y904: , | Z904: 65 | AB904: #REF! | AC904: Pendidikan Jasmani, Olahraga, dan Kesehatan | AD904: Fenty Yunia Vianarika, S.Pd., Gr. | AE904: =IF(AF904="","",VLOOKUP(AC904,mapel!$A$2:$B$42,2,FALSE)) | AF904: =IF(AA904=0, "",IF(AA904 = 0.1, 0,AA904)) | AG904: =IF(AF904="","",IF(AF904>90,"Sangat baik",IF(AF904>79,"Baik",IF(AF904>=pub_gid_0_single_true_output_csv[[#This Row],[KKM]],"Cukup","Kurang")))) | AH904: =IF(AG904="","",VALUE(RIGHT(X904,2))) | AI904: =IF(OR(J904<>"Karakter",pub_gid_0_single_true_output_csv[[#This Row],[Nilai2]]=""),"",IF(AF904>89,"Sangat baik",IF(AF904>79,"Baik",IF(AF904>69,"Cukup",IF(AF904>59,"Kurang","Sangat kurang"))))) | AJ904: =IF(AF904="","",CONCATENATE("Wk.",WEEKNUM(F904,2))) | AK904: =IF(pub_gid_0_single_true_output_csv[[#This Row],[Nilai2]]="","",VLOOKUP(pub_gid_0_single_true_output_csv[[#This Row],[NAMA]],Table7[],3,FALSE))
A905: 904 | B905: 242510001 | C905: 11A | D905: Apia Miagoni | E905: Intan Jaya | F905: 46034 | G905: 12 | H905: Jan | I905: 26 | J905: Karakter | K905: Mandiri | L905: Mengelola dan mengekpresikan emosi secara positif | M905: Real | N905: Entrepreneur | O905: Product development | P905: Pengolahan Kopi atau Tepung | Q905: Product development | R905: Produksi berkelanjutan | S905: F11.01.01 | T905: 1 | U905: menganalisis kelas sosial masyarakat | V905: 01.01 | W905: Faktor pembentuk kelas sosial | X905: K11 | Y905: F | Z905: 65 | AA905: 83 | AB905: Tuntas | AC905: Pendidikan Pancasila | AD905: Fenty Yunia Vianarika, S.Pd., Gr. | AE905: =IF(AF905="","",VLOOKUP(AC905,mapel!$A$2:$B$42,2,FALSE)) -> Pancasila | AF905: =IF(AA905=0, "",IF(AA905 = 0.1, 0,AA905)) -> 83 | AG905: =IF(AF905="","",IF(AF905>90,"Sangat baik",IF(AF905>79,"Baik",IF(AF905>=pub_gid_0_single_true_output_csv[[#This Row],[KKM]],"Cukup","Kurang")))) -> Baik | AH905: =IF(AG905="","",VALUE(RIGHT(X905,2))) -> 11 | AI905: =IF(OR(J905<>"Karakter",pub_gid_0_single_true_output_csv[[#This Row],[Nilai2]]=""),"",IF(AF905>89,"Sangat baik",IF(AF905>79,"Baik",IF(AF905>69,"Cukup",IF(AF905>59,"Kurang","Sangat kurang"))))) -> Baik | AJ905: =IF(AF905="","",CONCATENATE("Wk.",WEEKNUM(F905,2))) -> Wk.3 | AK905: =IF(pub_gid_0_single_true_output_csv[[#This Row],[Nilai2]]="","",VLOOKUP(pub_gid_0_single_true_output_csv[[#This Row],[NAMA]],Table7[],3,FALSE)) -> Average
A906: 905 | B906: 242510001 | C906: 11A | D906: Apia Miagoni | E906: Intan Jaya | F906: 46034 | G906: 12 | H906: Jan | I906: 26 | J906: Teori | K906: Kognitif Formatif | L906: Latihan | M906: Real | N906: Entrepreneur | O906: Product development | P906: Pengolahan Kopi atau Tepung | Q906: Product development | R906: Produksi berkelanjutan | S906: F11.01.01 | T906: 1 | U906: menganalisis kelas sosial masyarakat | V906: 01.01 | W906: Faktor pembentuk kelas sosial | X906: K11 | Y906: F | Z906: 65 | AA906: 78 | AB906: Tuntas | AC906: Pendidikan Pancasila | AD906: Fenty Yunia Vianarika, S.Pd., Gr. | AE906: =IF(AF906="","",VLOOKUP(AC906,mapel!$A$2:$B$42,2,FALSE)) -> Pancasila | AF906: =IF(AA906=0, "",IF(AA906 = 0.1, 0,AA906)) -> 78 | AG906: =IF(AF906="","",IF(AF906>90,"Sangat baik",IF(AF906>79,"Baik",IF(AF906>=pub_gid_0_single_true_output_csv[[#This Row],[KKM]],"Cukup","Kurang")))) -> Cukup | AH906: =IF(AG906="","",VALUE(RIGHT(X906,2))) -> 11 | AI906: =IF(OR(J906<>"Karakter",pub_gid_0_single_true_output_csv[[#This Row],[Nilai2]]=""),"",IF(AF906>89,"Sangat baik",IF(AF906>79,"Baik",IF(AF906>69,"Cukup",IF(AF906>59,"Kurang","Sangat kurang"))))) | AJ906: =IF(AF906="","",CONCATENATE("Wk.",WEEKNUM(F906,2))) -> Wk.3 | AK906: =IF(pub_gid_0_single_true_output_csv[[#This Row],[Nilai2]]="","",VLOOKUP(pub_gid_0_single_true_output_csv[[#This Row],[NAMA]],Table7[],3,FALSE)) -> Average
A907: 906 | B907: 242510001 | C907: 11A | D907: Apia Miagoni | E907: Intan Jaya | F907: 46034 | G907: 12 | H907: Jan | I907: 26 | J907: Nalar | K907: Analisa | L907: Latihan | M907: Real | N907: Entrepreneur | O907: Product development | P907: Pengolahan Kopi atau Tepung | Q907: Product development | R907: Produksi berkelanjutan | S907: F11.01.01 | T907: 1 | U907: menganalisis kelas sosial masyarakat | V907: 01.01 | W907: Faktor pembentuk kelas sosial | X907: K11 | Y907: F | Z907: 65 | AA907: 75 | AB907: Tuntas | AC907: Pendidikan Pancasila | AD907: Fenty Yunia Vianarika, S.Pd., Gr. | AE907: =IF(AF907="","",VLOOKUP(AC907,mapel!$A$2:$B$42,2,FALSE)) -> Pancasila | AF907: =IF(AA907=0, "",IF(AA907 = 0.1, 0,AA907)) -> 75 | AG907: =IF(AF907="","",IF(AF907>90,"Sangat baik",IF(AF907>79,"Baik",IF(AF907>=pub_gid_0_single_true_output_csv[[#This Row],[KKM]],"Cukup","Kurang")))) -> Cukup | AH907: =IF(AG907="","",VALUE(RIGHT(X907,2))) -> 11 | AI907: =IF(OR(J907<>"Karakter",pub_gid_0_single_true_output_csv[[#This Row],[Nilai2]]=""),"",IF(AF907>89,"Sangat baik",IF(AF907>79,"Baik",IF(AF907>69,"Cukup",IF(AF907>59,"Kurang","Sangat kurang"))))) | AJ907: =IF(AF907="","",CONCATENATE("Wk.",WEEKNUM(F907,2))) -> Wk.3 | AK907: =IF(pub_gid_0_single_true_output_csv[[#This Row],[Nilai2]]="","",VLOOKUP(pub_gid_0_single_true_output_csv[[#This Row],[NAMA]],Table7[],3,FALSE)) -> Average
A908: 907 | B908: 242510001 | C908: 11A | D908: Apia Miagoni | E908: Intan Jaya | F908: 46034 | G908: 12 | H908: Jan | I908: 26 | J908: Minat | K908: Fokus, aktif berpartisipasi dan bertanya atau menanggapi | L908: Observ | M908: Real | N908: Entrepreneur | O908: Product development | P908: Pengolahan Kopi atau Tepung | Q908: Product development | R908: Produksi berkelanjutan | S908: F11.01.01 | T908: 1 | U908: menganalisis kelas sosial masyarakat | V908: 01.01 | W908: Faktor pembentuk kelas sosial | X908: K11 | Y908: F | Z908: 65 | AA908: 74 | AB908: Tuntas | AC908: Pendidikan Pancasila | AD908: Fenty Yunia Vianarika, S.Pd., Gr. | AE908: =IF(AF908="","",VLOOKUP(AC908,mapel!$A$2:$B$42,2,FALSE)) -> Pancasila | AF908: =IF(AA908=0, "",IF(AA908 = 0.1, 0,AA908)) -> 74 | AG908: =IF(AF908="","",IF(AF908>90,"Sangat baik",IF(AF908>79,"Baik",IF(AF908>=pub_gid_0_single_true_output_csv[[#This Row],[KKM]],"Cukup","Kurang")))) -> Cukup | AH908: =IF(AG908="","",VALUE(RIGHT(X908,2))) -> 11 | AI908: =IF(OR(J908<>"Karakter",pub_gid_0_single_true_output_csv[[#This Row],[Nilai2]]=""),"",IF(AF908>89,"Sangat baik",IF(AF908>79,"Baik",IF(AF908>69,"Cukup",IF(AF908>59,"Kurang","Sangat kurang"))))) | AJ908: =IF(AF908="","",CONCATENATE("Wk.",WEEKNUM(F908,2))) -> Wk.3 | AK908: =IF(pub_gid_0_single_true_output_csv[[#This Row],[Nilai2]]="","",VLOOKUP(pub_gid_0_single_true_output_csv[[#This Row],[NAMA]],Table7[],3,FALSE)) -> Average
A909: 908 | B909: 242510001 | C909: 11A | D909: Apia Miagoni | E909: Intan Jaya | F909: 46048 | G909: 26 | H909: Jan | I909: 26 | J909: Teori | K909: Kognitif Formatif | L909: Penugasan | M909: Real | N909: Entrepreneur | O909: Product development | P909: Pengolahan Kopi atau Tepung | Q909: Product development | R909: Produksi berkelanjutan | S909: F11.01.02 | T909: 1 | U909: menganalisis kelas sosial masyarakat | V909: 01.02 | W909: Jenis kelas sosial | X909: K11 | Y909: F | Z909: 65 | AA909: 78 | AB909: Tuntas | AC909: Pendidikan Pancasila | AD909: Fenty Yunia Vianarika, S.Pd., Gr. | AE909: =IF(AF909="","",VLOOKUP(AC909,mapel!$A$2:$B$42,2,FALSE)) -> Pancasila | AF909: =IF(AA909=0, "",IF(AA909 = 0.1, 0,AA909)) -> 78 | AG909: =IF(AF909="","",IF(AF909>90,"Sangat baik",IF(AF909>79,"Baik",IF(AF909>=pub_gid_0_single_true_output_csv[[#This Row],[KKM]],"Cukup","Kurang")))) -> Cukup | AH909: =IF(AG909="","",VALUE(RIGHT(X909,2))) -> 11 | AI909: =IF(OR(J909<>"Karakter",pub_gid_0_single_true_output_csv[[#This Row],[Nilai2]]=""),"",IF(AF909>89,"Sangat baik",IF(AF909>79,"Baik",IF(AF909>69,"Cukup",IF(AF909>59,"Kurang","Sangat kurang"))))) | AJ909: =IF(AF909="","",CONCATENATE("Wk.",WEEKNUM(F909,2))) -> Wk.5 | AK909: =IF(pub_gid_0_single_true_output_csv[[#This Row],[Nilai2]]="","",VLOOKUP(pub_gid_0_single_true_output_csv[[#This Row],[NAMA]],Table7[],3,FALSE)) -> Average
A910: 909 | B910: 242510001 | C910: 11A | D910: Apia Miagoni | E910: Intan Jaya | F910: 46048 | G910: 26 | H910: Jan | I910: 26 | J910: Nalar | K910: Evaluasi | L910: Penugasan | M910: Real | N910: Entrepreneur | O910: Product development | P910: Pengolahan Kopi atau Tepung | Q910: Product development | R910: Produksi berkelanjutan | S910: F11.01.02 | T910: 1 | U910: menganalisis kelas sosial masyarakat | V910: 01.02 | W910: Jenis kelas sosial | X910: K11 | Y910: F | Z910: 65 | AA910: 75 | AB910: Tuntas | AC910: Pendidikan Pancasila | AD910: Fenty Yunia Vianarika, S.Pd., Gr. | AE910: =IF(AF910="","",VLOOKUP(AC910,mapel!$A$2:$B$42,2,FALSE)) -> Pancasila | AF910: =IF(AA910=0, "",IF(AA910 = 0.1, 0,AA910)) -> 75 | AG910: =IF(AF910="","",IF(AF910>90,"Sangat baik",IF(AF910>79,"Baik",IF(AF910>=pub_gid_0_single_true_output_csv[[#This Row],[KKM]],"Cukup","Kurang")))) -> Cukup | AH910: =IF(AG910="","",VALUE(RIGHT(X910,2))) -> 11 | AI910: =IF(OR(J910<>"Karakter",pub_gid_0_single_true_output_csv[[#This Row],[Nilai2]]=""),"",IF(AF910>89,"Sangat baik",IF(AF910>79,"Baik",IF(AF910>69,"Cukup",IF(AF910>59,"Kurang","Sangat kurang"))))) | AJ910: =IF(AF910="","",CONCATENATE("Wk.",WEEKNUM(F910,2))) -> Wk.5 | AK910: =IF(pub_gid_0_single_true_output_csv[[#This Row],[Nilai2]]="","",VLOOKUP(pub_gid_0_single_true_output_csv[[#This Row],[NAMA]],Table7[],3,FALSE)) -> Average
A911: 910 | B911: 242510001 | C911: 11A | D911: Apia Miagoni | E911: Intan Jaya | F911: 46048 | G911: 26 | H911: Jan | I911: 26 | J911: Karakter | K911: Beriman, bertakwa kepada Tuhan YME dan berakhlak mulia | L911: Mengambil keputusan yang baik dan bisa dipertanggungjawabkan | M911: Real | N911: Entrepreneur | O911: Product development | P911: Pengolahan Kopi atau Tepung | Q911: Product development | R911: Produksi berkelanjutan | S911: F11.01.02 | T911: 1 | U911: menganalisis kelas sosial masyarakat | V911: 01.02 | W911: Jenis kelas sosial | X911: K11 | Y911: F | Z911: 65 | AA911: 78 | AB911: Tuntas | AC911: Pendidikan Pancasila | AD911: Fenty Yunia Vianarika, S.Pd., Gr. | AE911: =IF(AF911="","",VLOOKUP(AC911,mapel!$A$2:$B$42,2,FALSE)) -> Pancasila | AF911: =IF(AA911=0, "",IF(AA911 = 0.1, 0,AA911)) -> 78 | AG911: =IF(AF911="","",IF(AF911>90,"Sangat baik",IF(AF911>79,"Baik",IF(AF911>=pub_gid_0_single_true_output_csv[[#This Row],[KKM]],"Cukup","Kurang")))) -> Cukup | AH911: =IF(AG911="","",VALUE(RIGHT(X911,2))) -> 11 | AI911: =IF(OR(J911<>"Karakter",pub_gid_0_single_true_output_csv[[#This Row],[Nilai2]]=""),"",IF(AF911>89,"Sangat baik",IF(AF911>79,"Baik",IF(AF911>69,"Cukup",IF(AF911>59,"Kurang","Sangat kurang"))))) -> Cukup | AJ911: =IF(AF911="","",CONCATENATE("Wk.",WEEKNUM(F911,2))) -> Wk.5 | AK911: =IF(pub_gid_0_single_true_output_csv[[#This Row],[Nilai2]]="","",VLOOKUP(pub_gid_0_single_true_output_csv[[#This Row],[NAMA]],Table7[],3,FALSE)) -> Average
A912: 911 | B912: 242510001 | C912: 11A | D912: Apia Miagoni | E912: Intan Jaya | F912: 46048 | G912: 26 | H912: Jan | I912: 26 | J912: Minat | K912: Fokus, aktif berpartisipasi dan bertanya atau menanggapi | L912: Observ | M912: Real | N912: Entrepreneur | O912: Product development | P912: Pengolahan Kopi atau Tepung | Q912: Product development | R912: Produksi berkelanjutan | S912: F11.01.02 | T912: 1 | U912: menganalisis kelas sosial masyarakat | V912: 01.02 | W912: Jenis kelas sosial | X912: K11 | Y912: F | Z912: 65 | AA912: 75 | AB912: Tuntas | AC912: Pendidikan Pancasila | AD912: Fenty Yunia Vianarika, S.Pd., Gr. | AE912: =IF(AF912="","",VLOOKUP(AC912,mapel!$A$2:$B$42,2,FALSE)) -> Pancasila | AF912: =IF(AA912=0, "",IF(AA912 = 0.1, 0,AA912)) -> 75 | AG912: =IF(AF912="","",IF(AF912>90,"Sangat baik",IF(AF912>79,"Baik",IF(AF912>=pub_gid_0_single_true_output_csv[[#This Row],[KKM]],"Cukup","Kurang")))) -> Cukup | AH912: =IF(AG912="","",VALUE(RIGHT(X912,2))) -> 11 | AI912: =IF(OR(J912<>"Karakter",pub_gid_0_single_true_output_csv[[#This Row],[Nilai2]]=""),"",IF(AF912>89,"Sangat baik",IF(AF912>79,"Baik",IF(AF912>69,"Cukup",IF(AF912>59,"Kurang","Sangat kurang"))))) | AJ912: =IF(AF912="","",CONCATENATE("Wk.",WEEKNUM(F912,2))) -> Wk.5 | AK912: =IF(pub_gid_0_single_true_output_csv[[#This Row],[Nilai2]]="","",VLOOKUP(pub_gid_0_single_true_output_csv[[#This Row],[NAMA]],Table7[],3,FALSE)) -> Average
A913: 912 | B913: 242510001 | C913: 11A | D913: Apia Miagoni | E913: Intan Jaya | F913: 46055 | G913: 02 | H913: Feb | I913: 26 | J913: Karakter | K913: Beriman, bertakwa kepada Tuhan YME dan berakhlak mulia | L913: Menghormati dan berkomunikasi dengan baik/sopan kepada semua orang | M913: Real | N913: Entrepreneur | O913: Product development | P913: Pengolahan Kopi atau Tepung | Q913: Product development | R913: Produksi berkelanjutan | S913: F11.01.03 | T913: 1 | U913: menganalisis kelas sosial masyarakat | V913: 01.03 | W913: Dampak kelas sosial | X913: K11 | Y913: F | Z913: 65 | AA913: 80 | AB913: Tuntas | AC913: Pendidikan Pancasila | AD913: Fenty Yunia Vianarika, S.Pd., Gr. | AE913: =IF(AF913="","",VLOOKUP(AC913,mapel!$A$2:$B$42,2,FALSE)) -> Pancasila | AF913: =IF(AA913=0, "",IF(AA913 = 0.1, 0,AA913)) -> 80 | AG913: =IF(AF913="","",IF(AF913>90,"Sangat baik",IF(AF913>79,"Baik",IF(AF913>=pub_gid_0_single_true_output_csv[[#This Row],[KKM]],"Cukup","Kurang")))) -> Baik | AH913: =IF(AG913="","",VALUE(RIGHT(X913,2))) -> 11 | AI913: =IF(OR(J913<>"Karakter",pub_gid_0_single_true_output_csv[[#This Row],[Nilai2]]=""),"",IF(AF913>89,"Sangat baik",IF(AF913>79,"Baik",IF(AF913>69,"Cukup",IF(AF913>59,"Kurang","Sangat kurang"))))) -> Baik | AJ913: =IF(AF913="","",CONCATENATE("Wk.",WEEKNUM(F913,2))) -> Wk.6 | AK913: =IF(pub_gid_0_single_true_output_csv[[#This Row],[Nilai2]]="","",VLOOKUP(pub_gid_0_single_true_output_csv[[#This Row],[NAMA]],Table7[],3,FALSE)) -> Average
A914: 913 | B914: 242510001 | C914: 11A | D914: Apia Miagoni | E914: Intan Jaya | F914: 46055 | G914: 02 | H914: Feb | I914: 26 | J914: Minat | K914: Fokus, aktif berpartisipasi dan bertanya atau menanggapi | L914: Observ | M914: Real | N914: Entrepreneur | O914: Product development | P914: Pengolahan Kopi atau Tepung | Q914: Product development | R914: Produksi berkelanjutan | S914: F11.01.03 | T914: 1 | U914: menganalisis kelas sosial masyarakat | V914: 01.03 | W914: Dampak kelas sosial | X914: K11 | Y914: F | Z914: 65 | AA914: 80 | AB914: Tuntas | AC914: Pendidikan Pancasila | AD914: Fenty Yunia Vianarika, S.Pd., Gr. | AE914: =IF(AF914="","",VLOOKUP(AC914,mapel!$A$2:$B$42,2,FALSE)) -> Pancasila | AF914: =IF(AA914=0, "",IF(AA914 = 0.1, 0,AA914)) -> 80 | AG914: =IF(AF914="","",IF(AF914>90,"Sangat baik",IF(AF914>79,"Baik",IF(AF914>=pub_gid_0_single_true_output_csv[[#This Row],[KKM]],"Cukup","Kurang")))) -> Baik | AH914: =IF(AG914="","",VALUE(RIGHT(X914,2))) -> 11 | AI914: =IF(OR(J914<>"Karakter",pub_gid_0_single_true_output_csv[[#This Row],[Nilai2]]=""),"",IF(AF914>89,"Sangat baik",IF(AF914>79,"Baik",IF(AF914>69,"Cukup",IF(AF914>59,"Kurang","Sangat kurang"))))) | AJ914: =IF(AF914="","",CONCATENATE("Wk.",WEEKNUM(F914,2))) -> Wk.6 | AK914: =IF(pub_gid_0_single_true_output_csv[[#This Row],[Nilai2]]="","",VLOOKUP(pub_gid_0_single_true_output_csv[[#This Row],[NAMA]],Table7[],3,FALSE)) -> Average
A915: 914 | B915: 242510001 | C915: 11A | D915: Apia Miagoni | E915: Intan Jaya | F915: 46055 | G915: 02 | H915: Feb | I915: 26 | J915: Skill | K915: Discovery | L915: Penugasan | M915: Real | N915: Entrepreneur | O915: Product development | P915: Pengolahan Kopi atau Tepung | Q915: Product development | R915: Produksi berkelanjutan | S915: F11.01.03 | T915: 1 | U915: menganalisis kelas sosial masyarakat | V915: 01.03 | W915: Dampak kelas sosial | X915: K11 | Y915: F | Z915: 65 | AA915: 78 | AB915: Tuntas | AC915: Pendidikan Pancasila | AD915: Fenty Yunia Vianarika, S.Pd., Gr. | AE915: =IF(AF915="","",VLOOKUP(AC915,mapel!$A$2:$B$42,2,FALSE)) -> Pancasila | AF915: =IF(AA915=0, "",IF(AA915 = 0.1, 0,AA915)) -> 78 | AG915: =IF(AF915="","",IF(AF915>90,"Sangat baik",IF(AF915>79,"Baik",IF(AF915>=pub_gid_0_single_true_output_csv[[#This Row],[KKM]],"Cukup","Kurang")))) -> Cukup | AH915: =IF(AG915="","",VALUE(RIGHT(X915,2))) -> 11 | AI915: =IF(OR(J915<>"Karakter",pub_gid_0_single_true_output_csv[[#This Row],[Nilai2]]=""),"",IF(AF915>89,"Sangat baik",IF(AF915>79,"Baik",IF(AF915>69,"Cukup",IF(AF915>59,"Kurang","Sangat kurang"))))) | AJ915: =IF(AF915="","",CONCATENATE("Wk.",WEEKNUM(F915,2))) -> Wk.6 | AK915: =IF(pub_gid_0_single_true_output_csv[[#This Row],[Nilai2]]="","",VLOOKUP(pub_gid_0_single_true_output_csv[[#This Row],[NAMA]],Table7[],3,FALSE)) -> Average
A916: 915 | B916: 242510001 | C916: 11A | D916: Apia Miagoni | E916: Intan Jaya | F916: 46055 | G916: 02 | H916: Feb | I916: 26 | J916: Nalar | K916: Evaluasi | L916: Penugasan | M916: Real | N916: Entrepreneur | O916: Product development | P916: Pengolahan Kopi atau Tepung | Q916: Product development | R916: Produksi berkelanjutan | S916: F11.01.03 | T916: 1 | U916: menganalisis kelas sosial masyarakat | V916: 01.03 | W916: Dampak kelas sosial | X916: K11 | Y916: F | Z916: 65 | AA916: 87 | AB916: Tuntas | AC916: Pendidikan Pancasila | AD916: Fenty Yunia Vianarika, S.Pd., Gr. | AE916: =IF(AF916="","",VLOOKUP(AC916,mapel!$A$2:$B$42,2,FALSE)) -> Pancasila | AF916: =IF(AA916=0, "",IF(AA916 = 0.1, 0,AA916)) -> 87 | AG916: =IF(AF916="","",IF(AF916>90,"Sangat baik",IF(AF916>79,"Baik",IF(AF916>=pub_gid_0_single_true_output_csv[[#This Row],[KKM]],"Cukup","Kurang")))) -> Baik | AH916: =IF(AG916="","",VALUE(RIGHT(X916,2))) -> 11 | AI916: =IF(OR(J916<>"Karakter",pub_gid_0_single_true_output_csv[[#This Row],[Nilai2]]=""),"",IF(AF916>89,"Sangat baik",IF(AF916>79,"Baik",IF(AF916>69,"Cukup",IF(AF916>59,"Kurang","Sangat kurang"))))) | AJ916: =IF(AF916="","",CONCATENATE("Wk.",WEEKNUM(F916,2))) -> Wk.6 | AK916: =IF(pub_gid_0_single_true_output_csv[[#This Row],[Nilai2]]="","",VLOOKUP(pub_gid_0_single_true_output_csv[[#This Row],[NAMA]],Table7[],3,FALSE)) -> Average
... A1115: 1114 | B1115: 242510001 | C1115: 11A | D1115: Apia Miagoni | E1115: Intan Jaya | F1115: 46043 | G1115: 21 | H1115: Jan | I1115: 26 | J1115: Karakter | K1115: Mandiri | L1115: Mengerjakan setiap tugas dan kewajiban di sekolah | M1115: Real | N1115: Entrepreneur | O1115: Product development | P1115: Pengolahan Kopi atau Tepung | Q1115: Product development | R1115: Produksi berkelanjutan | S1115: F11.01.01 | T1115: 1 | U1115: menganalisis kelas sosial dalam Masyarakat | V1115: 01.01 | W1115: Konsep kelas sosial dalam sejarah manusia | X1115: K11 | Y1115: F | Z1115: 65 | AA1115: 80 | AB1115: Tuntas | AC1115: Sejarah | AD1115: Bonafasia Jaju, S. Pd., Gr. | AE1115: =IF(AF1115="","",VLOOKUP(AC1115,mapel!$A$2:$B$42,2,FALSE)) -> Sejarah | AF1115: =IF(AA1115=0, "",IF(AA1115 = 0.1, 0,AA1115)) -> 80 | AG1115: =IF(AF1115="","",IF(AF1115>90,"Sangat baik",IF(AF1115>79,"Baik",IF(AF1115>=pub_gid_0_single_true_output_csv[[#This Row],[KKM]],"Cukup","Kurang")))) -> Baik | AH1115: =IF(AG1115="","",VALUE(RIGHT(X1115,2))) -> 11 | AI1115: =IF(OR(J1115<>"Karakter",pub_gid_0_single_true_output_csv[[#This Row],[Nilai2]]=""),"",IF(AF1115>89,"Sangat baik",IF(AF1115>79,"Baik",IF(AF1115>69,"Cukup",IF(AF1115>59,"Kurang","Sangat kurang"))))) -> Baik | AJ1115: =IF(AF1115="","",CONCATENATE("Wk.",WEEKNUM(F1115,2))) -> Wk.4 | AK1115: =IF(pub_gid_0_single_true_output_csv[[#This Row],[Nilai2]]="","",VLOOKUP(pub_gid_0_single_true_output_csv[[#This Row],[NAMA]],Table7[],3,FALSE)) -> Average
A1116: 1115 | B1116: 242510001 | C1116: 11A | D1116: Apia Miagoni | E1116: Intan Jaya | F1116: 46043 | G1116: 21 | H1116: Jan | I1116: 26 | J1116: Minat | K1116: Fokus, aktif berpartisipasi dan bertanya atau menanggapi | L1116: Observ | M1116: Real | N1116: Entrepreneur | O1116: Product development | P1116: Pengolahan Kopi atau Tepung | Q1116: Product development | R1116: Produksi berkelanjutan | S1116: F11.02.01 | T1116: 2 | V1116: 02.01 | W1116: Bentuk dampak Lingkungan | X1116: K11 | Y1116: F | Z1116: 65 | AA1116: 70 | AB1116: Tuntas | AC1116: Sejarah | AD1116: Bonafasia Jaju, S. Pd., Gr. | AE1116: =IF(AF1116="","",VLOOKUP(AC1116,mapel!$A$2:$B$42,2,FALSE)) -> Sejarah | AF1116: =IF(AA1116=0, "",IF(AA1116 = 0.1, 0,AA1116)) -> 70 | AG1116: =IF(AF1116="","",IF(AF1116>90,"Sangat baik",IF(AF1116>79,"Baik",IF(AF1116>=pub_gid_0_single_true_output_csv[[#This Row],[KKM]],"Cukup","Kurang")))) -> Cukup | AH1116: =IF(AG1116="","",VALUE(RIGHT(X1116,2))) -> 11 | AI1116: =IF(OR(J1116<>"Karakter",pub_gid_0_single_true_output_csv[[#This Row],[Nilai2]]=""),"",IF(AF1116>89,"Sangat baik",IF(AF1116>79,"Baik",IF(AF1116>69,"Cukup",IF(AF1116>59,"Kurang","Sangat kurang"))))) | AJ1116: =IF(AF1116="","",CONCATENATE("Wk.",WEEKNUM(F1116,2))) -> Wk.4 | AK1116: =IF(pub_gid_0_single_true_output_csv[[#This Row],[Nilai2]]="","",VLOOKUP(pub_gid_0_single_true_output_csv[[#This Row],[NAMA]],Table7[],3,FALSE)) -> Average
A1117: 1116 | B1117: 242510001 | C1117: 11A | D1117: Apia Miagoni | E1117: Intan Jaya | F1117: 46050 | G1117: 28 | H1117: Jan | I1117: 26 | J1117: Teori | K1117: Kognitif Formatif | L1117: Penugasan | M1117: Real | N1117: Entrepreneur | O1117: Product development | P1117: Pengolahan Kopi atau Tepung | Q1117: Product development | R1117: Produksi berkelanjutan | S1117: F11.02.01 | T1117: 2 | V1117: 02.01 | W1117: Bentuk dampak Lingkungan | X1117: K11 | Y1117: F | Z1117: 65 | AA1117: 85 | AB1117: Tuntas | AC1117: Sejarah | AD1117: Bonafasia Jaju, S. Pd., Gr. | AE1117: =IF(AF1117="","",VLOOKUP(AC1117,mapel!$A$2:$B$42,2,FALSE)) -> Sejarah | AF1117: =IF(AA1117=0, "",IF(AA1117 = 0.1, 0,AA1117)) -> 85 | AG1117: =IF(AF1117="","",IF(AF1117>90,"Sangat baik",IF(AF1117>79,"Baik",IF(AF1117>=pub_gid_0_single_true_output_csv[[#This Row],[KKM]],"Cukup","Kurang")))) -> Baik | AH1117: =IF(AG1117="","",VALUE(RIGHT(X1117,2))) -> 11 | AI1117: =IF(OR(J1117<>"Karakter",pub_gid_0_single_true_output_csv[[#This Row],[Nilai2]]=""),"",IF(AF1117>89,"Sangat baik",IF(AF1117>79,"Baik",IF(AF1117>69,"Cukup",IF(AF1117>59,"Kurang","Sangat kurang"))))) | AJ1117: =IF(AF1117="","",CONCATENATE("Wk.",WEEKNUM(F1117,2))) -> Wk.5 | AK1117: =IF(pub_gid_0_single_true_output_csv[[#This Row],[Nilai2]]="","",VLOOKUP(pub_gid_0_single_true_output_csv[[#This Row],[NAMA]],Table7[],3,FALSE)) -> Average
A1118: 1117 | B1118: 242510001 | C1118: 11A | D1118: Apia Miagoni | E1118: Intan Jaya | F1118: 46050 | G1118: 28 | H1118: Jan | I1118: 26 | J1118: Nalar | K1118: Evaluasi | L1118: Penugasan | M1118: Real | N1118: Entrepreneur | O1118: Product development | P1118: Pengolahan Kopi atau Tepung | Q1118: Product development | R1118: Produksi berkelanjutan | S1118: F11.02.01 | T1118: 2 | V1118: 02.01 | W1118: Bentuk dampak Lingkungan | X1118: K11 | Y1118: F | Z1118: 65 | AA1118: 75 | AB1118: Tuntas | AC1118: Sejarah | AD1118: Bonafasia Jaju, S. Pd., Gr. | AE1118: =IF(AF1118="","",VLOOKUP(AC1118,mapel!$A$2:$B$42,2,FALSE)) -> Sejarah | AF1118: =IF(AA1118=0, "",IF(AA1118 = 0.1, 0,AA1118)) -> 75 | AG1118: =IF(AF1118="","",IF(AF1118>90,"Sangat baik",IF(AF1118>79,"Baik",IF(AF1118>=pub_gid_0_single_true_output_csv[[#This Row],[KKM]],"Cukup","Kurang")))) -> Cukup | AH1118: =IF(AG1118="","",VALUE(RIGHT(X1118,2))) -> 11 | AI1118: =IF(OR(J1118<>"Karakter",pub_gid_0_single_true_output_csv[[#This Row],[Nilai2]]=""),"",IF(AF1118>89,"Sangat baik",IF(AF1118>79,"Baik",IF(AF1118>69,"Cukup",IF(AF1118>59,"Kurang","Sangat kurang"))))) | AJ1118: =IF(AF1118="","",CONCATENATE("Wk.",WEEKNUM(F1118,2))) -> Wk.5 | AK1118: =IF(pub_gid_0_single_true_output_csv[[#This Row],[Nilai2]]="","",VLOOKUP(pub_gid_0_single_true_output_csv[[#This Row],[NAMA]],Table7[],3,FALSE)) -> Average
A1119: 1118 | B1119: 242510001 | C1119: 11A | D1119: Apia Miagoni | E1119: Intan Jaya | F1119: 46050 | G1119: 28 | H1119: Jan | I1119: 26 | J1119: Karakter | K1119: Mandiri | L1119: Pantang menyerah dalam belajar dan mengerjakan tugas | M1119: Real | N1119: Entrepreneur | O1119: Product development | P1119: Pengolahan Kopi atau Tepung | Q1119: Product development | R1119: Produksi berkelanjutan | S1119: F11.02.01 | T1119: 2 | V1119: 02.01 | W1119: Bentuk dampak Lingkungan | X1119: K11 | Y1119: F | Z1119: 65 | AA1119: 80 | AB1119: Tuntas | AC1119: Sejarah | AD1119: Bonafasia Jaju, S. Pd., Gr. | AE1119: =IF(AF1119="","",VLOOKUP(AC1119,mapel!$A$2:$B$42,2,FALSE)) -> Sejarah | AF1119: =IF(AA1119=0, "",IF(AA1119 = 0.1, 0,AA1119)) -> 80 | AG1119: =IF(AF1119="","",IF(AF1119>90,"Sangat baik",IF(AF1119>79,"Baik",IF(AF1119>=pub_gid_0_single_true_output_csv[[#This Row],[KKM]],"Cukup","Kurang")))) -> Baik | AH1119: =IF(AG1119="","",VALUE(RIGHT(X1119,2))) -> 11 | AI1119: =IF(OR(J1119<>"Karakter",pub_gid_0_single_true_output_csv[[#This Row],[Nilai2]]=""),"",IF(AF1119>89,"Sangat baik",IF(AF1119>79,"Baik",IF(AF1119>69,"Cukup",IF(AF1119>59,"Kurang","Sangat kurang"))))) -> Baik | AJ1119: =IF(AF1119="","",CONCATENATE("Wk.",WEEKNUM(F1119,2))) -> Wk.5 | AK1119: =IF(pub_gid_0_single_true_output_csv[[#This Row],[Nilai2]]="","",VLOOKUP(pub_gid_0_single_true_output_csv[[#This Row],[NAMA]],Table7[],3,FALSE)) -> Average
A1120: 1119 | B1120: 242510001 | C1120: 11A | D1120: Apia Miagoni | E1120: Intan Jaya | F1120: 46050 | G1120: 28 | H1120: Jan | I1120: 26 | J1120: Minat | K1120: Fokus, aktif berpartisipasi dan bertanya atau menanggapi | L1120: Observ | M1120: Real | N1120: Entrepreneur | O1120: Product development | P1120: Pengolahan Kopi atau Tepung | Q1120: Product development | R1120: Produksi berkelanjutan | S1120: F11.02.01 | T1120: 2 | V1120: 02.01 | W1120: Bentuk dampak Lingkungan | X1120: K11 | Y1120: F | Z1120: 65 | AA1120: 75 | AB1120: Tuntas | AC1120: Sejarah | AD1120: Bonafasia Jaju, S. Pd., Gr. | AE1120: =IF(AF1120="","",VLOOKUP(AC1120,mapel!$A$2:$B$42,2,FALSE)) -> Sejarah | AF1120: =IF(AA1120=0, "",IF(AA1120 = 0.1, 0,AA1120)) -> 75 | AG1120: =IF(AF1120="","",IF(AF1120>90,"Sangat baik",IF(AF1120>79,"Baik",IF(AF1120>=pub_gid_0_single_true_output_csv[[#This Row],[KKM]],"Cukup","Kurang")))) -> Cukup | AH1120: =IF(AG1120="","",VALUE(RIGHT(X1120,2))) -> 11 | AI1120: =IF(OR(J1120<>"Karakter",pub_gid_0_single_true_output_csv[[#This Row],[Nilai2]]=""),"",IF(AF1120>89,"Sangat baik",IF(AF1120>79,"Baik",IF(AF1120>69,"Cukup",IF(AF1120>59,"Kurang","Sangat kurang"))))) | AJ1120: =IF(AF1120="","",CONCATENATE("Wk.",WEEKNUM(F1120,2))) -> Wk.5 | AK1120: =IF(pub_gid_0_single_true_output_csv[[#This Row],[Nilai2]]="","",VLOOKUP(pub_gid_0_single_true_output_csv[[#This Row],[NAMA]],Table7[],3,FALSE)) -> Average
A1121: 1120 | B1121: 242510001 | C1121: 11A | D1121: Apia Miagoni | E1121: Intan Jaya | F1121: 46057 | G1121: 04 | H1121: Feb | I1121: 26 | J1121: Teori | K1121: Kognitif Formatif | L1121: Penugasan | M1121: Real | N1121: Entrepreneur | O1121: Product development | P1121: Pengolahan Kopi atau Tepung | Q1121: Product development | R1121: Produksi berkelanjutan | S1121: F11.02.01 | T1121: 2 | V1121: 02.01 | W1121: Bentuk dampak Lingkungan | X1121: K11 | Y1121: F | Z1121: 65 | AA1121: 70 | AB1121: Tuntas | AC1121: Sejarah | AD1121: Bonafasia Jaju, S. Pd., Gr. | AE1121: =IF(AF1121="","",VLOOKUP(AC1121,mapel!$A$2:$B$42,2,FALSE)) -> Sejarah | AF1121: =IF(AA1121=0, "",IF(AA1121 = 0.1, 0,AA1121)) -> 70 | AG1121: =IF(AF1121="","",IF(AF1121>90,"Sangat baik",IF(AF1121>79,"Baik",IF(AF1121>=pub_gid_0_single_true_output_csv[[#This Row],[KKM]],"Cukup","Kurang")))) -> Cukup | AH1121: =IF(AG1121="","",VALUE(RIGHT(X1121,2))) -> 11 | AI1121: =IF(OR(J1121<>"Karakter",pub_gid_0_single_true_output_csv[[#This Row],[Nilai2]]=""),"",IF(AF1121>89,"Sangat baik",IF(AF1121>79,"Baik",IF(AF1121>69,"Cukup",IF(AF1121>59,"Kurang","Sangat kurang"))))) | AJ1121: =IF(AF1121="","",CONCATENATE("Wk.",WEEKNUM(F1121,2))) -> Wk.6 | AK1121: =IF(pub_gid_0_single_true_output_csv[[#This Row],[Nilai2]]="","",VLOOKUP(pub_gid_0_single_true_output_csv[[#This Row],[NAMA]],Table7[],3,FALSE)) -> Average
A1122: 1121 | B1122: 242510001 | C1122: 11A | D1122: Apia Miagoni | E1122: Intan Jaya | F1122: 46057 | G1122: 04 | H1122: Feb | I1122: 26 | J1122: Nalar | K1122: Evaluasi | L1122: Penugasan | M1122: Real | N1122: Entrepreneur | O1122: Product development | P1122: Pengolahan Kopi atau Tepung | Q1122: Product development | R1122: Produksi berkelanjutan | S1122: F11.02.01 | T1122: 2 | V1122: 02.01 | W1122: Bentuk dampak Lingkungan | X1122: K11 | Y1122: F | Z1122: 65 | AA1122: 85 | AB1122: Tuntas | AC1122: Sejarah | AD1122: Bonafasia Jaju, S. Pd., Gr. | AE1122: =IF(AF1122="","",VLOOKUP(AC1122,mapel!$A$2:$B$42,2,FALSE)) -> Sejarah | AF1122: =IF(AA1122=0, "",IF(AA1122 = 0.1, 0,AA1122)) -> 85 | AG1122: =IF(AF1122="","",IF(AF1122>90,"Sangat baik",IF(AF1122>79,"Baik",IF(AF1122>=pub_gid_0_single_true_output_csv[[#This Row],[KKM]],"Cukup","Kurang")))) -> Baik | AH1122: =IF(AG1122="","",VALUE(RIGHT(X1122,2))) -> 11 | AI1122: =IF(OR(J1122<>"Karakter",pub_gid_0_single_true_output_csv[[#This Row],[Nilai2]]=""),"",IF(AF1122>89,"Sangat baik",IF(AF1122>79,"Baik",IF(AF1122>69,"Cukup",IF(AF1122>59,"Kurang","Sangat kurang"))))) | AJ1122: =IF(AF1122="","",CONCATENATE("Wk.",WEEKNUM(F1122,2))) -> Wk.6 | AK1122: =IF(pub_gid_0_single_true_output_csv[[#This Row],[Nilai2]]="","",VLOOKUP(pub_gid_0_single_true_output_csv[[#This Row],[NAMA]],Table7[],3,FALSE)) -> Average
A1123: 1122 | B1123: 242510001 | C1123: 11A | D1123: Apia Miagoni | E1123: Intan Jaya | F1123: 46057 | G1123: 04 | H1123: Feb | I1123: 26 | J1123: Karakter | K1123: Mandiri | L1123: Mengerjakan setiap tugas dan kewajiban di sekolah | M1123: Real | N1123: Entrepreneur | O1123: Product development | P1123: Pengolahan Kopi atau Tepung | Q1123: Product development | R1123: Produksi berkelanjutan | S1123: F11.02.01 | T1123: 2 | V1123: 02.01 | W1123: Bentuk dampak Lingkungan | X1123: K11 | Y1123: F | Z1123: 65 | AA1123: 70 | AB1123: Tuntas | AC1123: Sejarah | AD1123: Bonafasia Jaju, S. Pd., Gr. | AE1123: =IF(AF1123="","",VLOOKUP(AC1123,mapel!$A$2:$B$42,2,FALSE)) -> Sejarah | AF1123: =IF(AA1123=0, "",IF(AA1123 = 0.1, 0,AA1123)) -> 70 | AG1123: =IF(AF1123="","",IF(AF1123>90,"Sangat baik",IF(AF1123>79,"Baik",IF(AF1123>=pub_gid_0_single_true_output_csv[[#This Row],[KKM]],"Cukup","Kurang")))) -> Cukup | AH1123: =IF(AG1123="","",VALUE(RIGHT(X1123,2))) -> 11 | AI1123: =IF(OR(J1123<>"Karakter",pub_gid_0_single_true_output_csv[[#This Row],[Nilai2]]=""),"",IF(AF1123>89,"Sangat baik",IF(AF1123>79,"Baik",IF(AF1123>69,"Cukup",IF(AF1123>59,"Kurang","Sangat kurang"))))) -> Cukup | AJ1123: =IF(AF1123="","",CONCATENATE("Wk.",WEEKNUM(F1123,2))) -> Wk.6 | AK1123: =IF(pub_gid_0_single_true_output_csv[[#This Row],[Nilai2]]="","",VLOOKUP(pub_gid_0_single_true_output_csv[[#This Row],[NAMA]],Table7[],3,FALSE)) -> Average
A1124: 1123 | B1124: 242510001 | C1124: 11A | D1124: Apia Miagoni | E1124: Intan Jaya | F1124: 46057 | G1124: 04 | H1124: Feb | I1124: 26 | J1124: Minat | K1124: Fokus, aktif berpartisipasi dan bertanya atau menanggapi | L1124: Observ | M1124: Real | N1124: Entrepreneur | O1124: Product development | P1124: Pengolahan Kopi atau Tepung | Q1124: Product development | R1124: Produksi berkelanjutan | S1124: F11.02.01 | T1124: 2 | V1124: 02.01 | W1124: Bentuk dampak Lingkungan | X1124: K11 | Y1124: F | Z1124: 65 | AA1124: 65 | AB1124: Tuntas | AC1124: Sejarah | AD1124: Bonafasia Jaju, S. Pd., Gr. | AE1124: =IF(AF1124="","",VLOOKUP(AC1124,mapel!$A$2:$B$42,2,FALSE)) -> Sejarah | AF1124: =IF(AA1124=0, "",IF(AA1124 = 0.1, 0,AA1124)) -> 65 | AG1124: =IF(AF1124="","",IF(AF1124>90,"Sangat baik",IF(AF1124>79,"Baik",IF(AF1124>=pub_gid_0_single_true_output_csv[[#This Row],[KKM]],"Cukup","Kurang")))) -> Cukup | AH1124: =IF(AG1124="","",VALUE(RIGHT(X1124,2))) -> 11 | AI1124: =IF(OR(J1124<>"Karakter",pub_gid_0_single_true_output_csv[[#This Row],[Nilai2]]=""),"",IF(AF1124>89,"Sangat baik",IF(AF1124>79,"Baik",IF(AF1124>69,"Cukup",IF(AF1124>59,"Kurang","Sangat kurang"))))) | AJ1124: =IF(AF1124="","",CONCATENATE("Wk.",WEEKNUM(F1124,2))) -> Wk.6 | AK1124: =IF(pub_gid_0_single_true_output_csv[[#This Row],[Nilai2]]="","",VLOOKUP(pub_gid_0_single_true_output_csv[[#This Row],[NAMA]],Table7[],3,FALSE)) -> Average
A1125: 1124 | B1125: 242510001 | C1125: 11A | D1125: Apia Miagoni | E1125: Intan Jaya | F1125: 46064 | G1125: 11 | H1125: Feb | I1125: 26 | J1125: Teori | K1125: Kognitif Formatif | L1125: Penugasan | M1125: Real | N1125: Entrepreneur | O1125: Product development | P1125: Pengolahan Kopi atau Tepung | Q1125: Product development | R1125: Produksi berkelanjutan | S1125: F11.03.01 | T1125: 3 | V1125: 03.01 | W1125: Prilaku Sosial | X1125: K11 | Y1125: F | Z1125: 65 | AA1125: 70 | AB1125: Tuntas | AC1125: Sejarah | AD1125: Bonafasia Jaju, S. Pd., Gr. | AE1125: =IF(AF1125="","",VLOOKUP(AC1125,mapel!$A$2:$B$42,2,FALSE)) -> Sejarah | AF1125: =IF(AA1125=0, "",IF(AA1125 = 0.1, 0,AA1125)) -> 70 | AG1125: =IF(AF1125="","",IF(AF1125>90,"Sangat baik",IF(AF1125>79,"Baik",IF(AF1125>=pub_gid_0_single_true_output_csv[[#This Row],[KKM]],"Cukup","Kurang")))) -> Cukup | AH1125: =IF(AG1125="","",VALUE(RIGHT(X1125,2))) -> 11 | AI1125: =IF(OR(J1125<>"Karakter",pub_gid_0_single_true_output_csv[[#This Row],[Nilai2]]=""),"",IF(AF1125>89,"Sangat baik",IF(AF1125>79,"Baik",IF(AF1125>69,"Cukup",IF(AF1125>59,"Kurang","Sangat kurang"))))) | AJ1125: =IF(AF1125="","",CONCATENATE("Wk.",WEEKNUM(F1125,2))) -> Wk.7 | AK1125: =IF(pub_gid_0_single_true_output_csv[[#This Row],[Nilai2]]="","",VLOOKUP(pub_gid_0_single_true_output_csv[[#This Row],[NAMA]],Table7[],3,FALSE)) -> Average
A1126: 1125 | B1126: 242510001 | C1126: 11A | D1126: Apia Miagoni | E1126: Intan Jaya | F1126: 46064 | G1126: 11 | H1126: Feb | I1126: 26 | J1126: Nalar | K1126: Evaluasi | L1126: Penugasan | M1126: Real | N1126: Entrepreneur | O1126: Product development | P1126: Pengolahan Kopi atau Tepung | Q1126: Product development | R1126: Produksi berkelanjutan | S1126: F11.03.01 | T1126: 3 | V1126: 03.01 | W1126: Prilaku Sosial | X1126: K11 | Y1126: F | Z1126: 65 | AA1126: 65 | AB1126: Tuntas | AC1126: Sejarah | AD1126: Bonafasia Jaju, S. Pd., Gr. | AE1126: =IF(AF1126="","",VLOOKUP(AC1126,mapel!$A$2:$B$42,2,FALSE)) -> Sejarah | AF1126: =IF(AA1126=0, "",IF(AA1126 = 0.1, 0,AA1126)) -> 65 | AG1126: =IF(AF1126="","",IF(AF1126>90,"Sangat baik",IF(AF1126>79,"Baik",IF(AF1126>=pub_gid_0_single_true_output_csv[[#This Row],[KKM]],"Cukup","Kurang")))) -> Cukup | AH1126: =IF(AG1126="","",VALUE(RIGHT(X1126,2))) -> 11 | AI1126: =IF(OR(J1126<>"Karakter",pub_gid_0_single_true_output_csv[[#This Row],[Nilai2]]=""),"",IF(AF1126>89,"Sangat baik",IF(AF1126>79,"Baik",IF(AF1126>69,"Cukup",IF(AF1126>59,"Kurang","Sangat kurang"))))) | AJ1126: =IF(AF1126="","",CONCATENATE("Wk.",WEEKNUM(F1126,2))) -> Wk.7 | AK1126: =IF(pub_gid_0_single_true_output_csv[[#This Row],[Nilai2]]="","",VLOOKUP(pub_gid_0_single_true_output_csv[[#This Row],[NAMA]],Table7[],3,FALSE)) -> Average
A1127: 1126 | B1127: 242510001 | C1127: 11A | D1127: Apia Miagoni | E1127: Intan Jaya | F1127: 46064 | G1127: 11 | H1127: Feb | I1127: 26 | J1127: Karakter | K1127: Mandiri | L1127: Mengerjakan setiap tugas dan kewajiban di sekolah | M1127: Real | N1127: Entrepreneur | O1127: Product development | P1127: Pengolahan Kopi atau Tepung | Q1127: Product development | R1127: Produksi berkelanjutan | S1127: F11.03.01 | T1127: 3 | V1127: 03.01 | W1127: Prilaku Sosial | X1127: K11 | Y1127: F | Z1127: 65 | AA1127: 75 | AB1127: Tuntas | AC1127: Sejarah | AD1127: Bonafasia Jaju, S. Pd., Gr. | AE1127: =IF(AF1127="","",VLOOKUP(AC1127,mapel!$A$2:$B$42,2,FALSE)) -> Sejarah | AF1127: =IF(AA1127=0, "",IF(AA1127 = 0.1, 0,AA1127)) -> 75 | AG1127: =IF(AF1127="","",IF(AF1127>90,"Sangat baik",IF(AF1127>79,"Baik",IF(AF1127>=pub_gid_0_single_true_output_csv[[#This Row],[KKM]],"Cukup","Kurang")))) -> Cukup | AH1127: =IF(AG1127="","",VALUE(RIGHT(X1127,2))) -> 11 | AI1127: =IF(OR(J1127<>"Karakter",pub_gid_0_single_true_output_csv[[#This Row],[Nilai2]]=""),"",IF(AF1127>89,"Sangat baik",IF(AF1127>79,"Baik",IF(AF1127>69,"Cukup",IF(AF1127>59,"Kurang","Sangat kurang"))))) -> Cukup | AJ1127: =IF(AF1127="","",CONCATENATE("Wk.",WEEKNUM(F1127,2))) -> Wk.7 | AK1127: =IF(pub_gid_0_single_true_output_csv[[#This Row],[Nilai2]]="","",VLOOKUP(pub_gid_0_single_true_output_csv[[#This Row],[NAMA]],Table7[],3,FALSE)) -> Average
A1128: 1127 | B1128: 242510001 | C1128: 11A | D1128: Apia Miagoni | E1128: Intan Jaya | F1128: 46064 | G1128: 11 | H1128: Feb | I1128: 26 | J1128: Minat | K1128: Fokus, aktif berpartisipasi dan bertanya atau menanggapi | L1128: Observ | M1128: Real | N1128: Entrepreneur | O1128: Product development | P1128: Pengolahan Kopi atau Tepung | Q1128: Product development | R1128: Produksi berkelanjutan | S1128: F11.03.01 | T1128: 3 | V1128: 03.01 | W1128: Prilaku Sosial | X1128: K11 | Y1128: F | Z1128: 65 | AA1128: 70 | AB1128: Tuntas | AC1128: Sejarah | AD1128: Bonafasia Jaju, S. Pd., Gr. | AE1128: =IF(AF1128="","",VLOOKUP(AC1128,mapel!$A$2:$B$42,2,FALSE)) -> Sejarah | AF1128: =IF(AA1128=0, "",IF(AA1128 = 0.1, 0,AA1128)) -> 70 | AG1128: =IF(AF1128="","",IF(AF1128>90,"Sangat baik",IF(AF1128>79,"Baik",IF(AF1128>=pub_gid_0_single_true_output_csv[[#This Row],[KKM]],"Cukup","Kurang")))) -> Cukup | AH1128: =IF(AG1128="","",VALUE(RIGHT(X1128,2))) -> 11 | AI1128: =IF(OR(J1128<>"Karakter",pub_gid_0_single_true_output_csv[[#This Row],[Nilai2]]=""),"",IF(AF1128>89,"Sangat baik",IF(AF1128>79,"Baik",IF(AF1128>69,"Cukup",IF(AF1128>59,"Kurang","Sangat kurang"))))) | AJ1128: =IF(AF1128="","",CONCATENATE("Wk.",WEEKNUM(F1128,2))) -> Wk.7 | AK1128: =IF(pub_gid_0_single_true_output_csv[[#This Row],[Nilai2]]="","",VLOOKUP(pub_gid_0_single_true_output_csv[[#This Row],[NAMA]],Table7[],3,FALSE)) -> Average
A1129: 1128 | B1129: 242510001 | C1129: 11A | D1129: Apia Miagoni | E1129: Intan Jaya | F1129: 46071 | G1129: 18 | H1129: Feb | I1129: 26 | J1129: Teori | K1129: Kognitif Sumatif | L1129: SH | M1129: Real | N1129: Entrepreneur | O1129: Product development | P1129: Pengolahan Kopi atau Tepung | Q1129: Product development | R1129: Produksi berkelanjutan | S1129: F11.01.01 | T1129: 1 | U1129: menganalisis kelas sosial dalam Masyarakat | V1129: 01.01 | W1129: Konsep kelas sosial dalam sejarah manusia | X1129: K11 | Y1129: F | Z1129: 65 | AA1129: 70 | AB1129: Tuntas | AC1129: Sejarah | AD1129: Bonafasia Jaju, S. Pd., Gr. | AE1129: =IF(AF1129="","",VLOOKUP(AC1129,mapel!$A$2:$B$42,2,FALSE)) -> Sejarah | AF1129: =IF(AA1129=0, "",IF(AA1129 = 0.1, 0,AA1129)) -> 70 | AG1129: =IF(AF1129="","",IF(AF1129>90,"Sangat baik",IF(AF1129>79,"Baik",IF(AF1129>=pub_gid_0_single_true_output_csv[[#This Row],[KKM]],"Cukup","Kurang")))) -> Cukup | AH1129: =IF(AG1129="","",VALUE(RIGHT(X1129,2))) -> 11 | AI1129: =IF(OR(J1129<>"Karakter",pub_gid_0_single_true_output_csv[[#This Row],[Nilai2]]=""),"",IF(AF1129>89,"Sangat baik",IF(AF1129>79,"Baik",IF(AF1129>69,"Cukup",IF(AF1129>59,"Kurang","Sangat kurang"))))) | AJ1129: =IF(AF1129="","",CONCATENATE("Wk.",WEEKNUM(F1129,2))) -> Wk.8 | AK1129: =IF(pub_gid_0_single_true_output_csv[[#This Row],[Nilai2]]="","",VLOOKUP(pub_gid_0_single_true_output_csv[[#This Row],[NAMA]],Table7[],3,FALSE)) -> Average
A1130: 1129 | B1130: 242510001 | C1130: 11A | D1130: Apia Miagoni | E1130: Intan Jaya | F1130: 46071 | G1130: 18 | H1130: Feb | I1130: 26 | J1130: Karakter | K1130: Mandiri | L1130: Mengerjakan setiap tugas dan kewajiban di sekolah | M1130: Real | N1130: Entrepreneur | O1130: Product development | P1130: Pengolahan Kopi atau Tepung | Q1130: Product development | R1130: Produksi berkelanjutan | S1130: F11.01.01 | T1130: 1 | U1130: menganalisis kelas sosial dalam Masyarakat | V1130: 01.01 | W1130: Konsep kelas sosial dalam sejarah manusia | X1130: K11 | Y1130: F | Z1130: 65 | AA1130: 70 | AB1130: Tuntas | AC1130: Sejarah | AD1130: Bonafasia Jaju, S. Pd., Gr. | AE1130: =IF(AF1130="","",VLOOKUP(AC1130,mapel!$A$2:$B$42,2,FALSE)) -> Sejarah | AF1130: =IF(AA1130=0, "",IF(AA1130 = 0.1, 0,AA1130)) -> 70 | AG1130: =IF(AF1130="","",IF(AF1130>90,"Sangat baik",IF(AF1130>79,"Baik",IF(AF1130>=pub_gid_0_single_true_output_csv[[#This Row],[KKM]],"Cukup","Kurang")))) -> Cukup | AH1130: =IF(AG1130="","",VALUE(RIGHT(X1130,2))) -> 11 | AI1130: =IF(OR(J1130<>"Karakter",pub_gid_0_single_true_output_csv[[#This Row],[Nilai2]]=""),"",IF(AF1130>89,"Sangat baik",IF(AF1130>79,"Baik",IF(AF1130>69,"Cukup",IF(AF1130>59,"Kurang","Sangat kurang"))))) -> Cukup | AJ1130: =IF(AF1130="","",CONCATENATE("Wk.",WEEKNUM(F1130,2))) -> Wk.8 | AK1130: =IF(pub_gid_0_single_true_output_csv[[#This Row],[Nilai2]]="","",VLOOKUP(pub_gid_0_single_true_output_csv[[#This Row],[NAMA]],Table7[],3,FALSE)) -> Average
A1131: 1130 | B1131: 242510007 | C1131: 11A | D1131: Jupiten Bagau | E1131: Intan Jaya | F1131: 46036 | G1131: 14 | H1131: Jan | I1131: 26 | J1131: Teori | K1131: Kognitif Formatif | L1131: Penugasan | M1131: Real | N1131: Entrepreneur | O1131: Product development | P1131: Pengolahan Kopi atau Tepung | Q1131: Product development | R1131: Produksi berkelanjutan | S1131: F11.01.01 | T1131: 1 | U1131: menganalisis kelas sosial dalam Masyarakat | V1131: 01.01 | W1131: Konsep kelas sosial dalam sejarah manusia | X1131: K11 | Y1131: F | Z1131: 65 | AA1131: 70 | AB1131: Tuntas | AC1131: Sejarah | AD1131: Bonafasia Jaju, S. Pd., Gr. | AE1131: =IF(AF1131="","",VLOOKUP(AC1131,mapel!$A$2:$B$42,2,FALSE)) -> Sejarah | AF1131: =IF(AA1131=0, "",IF(AA1131 = 0.1, 0,AA1131)) -> 70 | AG1131: =IF(AF1131="","",IF(AF1131>90,"Sangat baik",IF(AF1131>79,"Baik",IF(AF1131>=pub_gid_0_single_true_output_csv[[#This Row],[KKM]],"Cukup","Kurang")))) -> Cukup | AH1131: =IF(AG1131="","",VALUE(RIGHT(X1131,2))) -> 11 | AI1131: =IF(OR(J1131<>"Karakter",pub_gid_0_single_true_output_csv[[#This Row],[Nilai2]]=""),"",IF(AF1131>89,"Sangat baik",IF(AF1131>79,"Baik",IF(AF1131>69,"Cukup",IF(AF1131>59,"Kurang","Sangat kurang"))))) | AJ1131: =IF(AF1131="","",CONCATENATE("Wk.",WEEKNUM(F1131,2))) -> Wk.3 | AK1131: =IF(pub_gid_0_single_true_output_csv[[#This Row],[Nilai2]]="","",VLOOKUP(pub_gid_0_single_true_output_csv[[#This Row],[NAMA]],Table7[],3,FALSE)) -> Superior
A1132: 1131 | B1132: 242510007 | C1132: 11A | D1132: Jupiten Bagau | E1132: Intan Jaya | F1132: 46036 | G1132: 14 | H1132: Jan | I1132: 26 | J1132: Nalar | K1132: Analisa | L1132: Penugasan | M1132: Real | N1132: Entrepreneur | O1132: Product development | P1132: Pengolahan Kopi atau Tepung | Q1132: Product development | R1132: Produksi berkelanjutan | S1132: F11.01.01 | T1132: 1 | U1132: menganalisis kelas sosial dalam Masyarakat | V1132: 01.01 | W1132: Konsep kelas sosial dalam sejarah manusia | X1132: K11 | Y1132: F | Z1132: 65 | AA1132: 70 | AB1132: Tuntas | AC1132: Sejarah | AD1132: Bonafasia Jaju, S. Pd., Gr. | AE1132: =IF(AF1132="","",VLOOKUP(AC1132,mapel!$A$2:$B$42,2,FALSE)) -> Sejarah | AF1132: =IF(AA1132=0, "",IF(AA1132 = 0.1, 0,AA1132)) -> 70 | AG1132: =IF(AF1132="","",IF(AF1132>90,"Sangat baik",IF(AF1132>79,"Baik",IF(AF1132>=pub_gid_0_single_true_output_csv[[#This Row],[KKM]],"Cukup","Kurang")))) -> Cukup | AH1132: =IF(AG1132="","",VALUE(RIGHT(X1132,2))) -> 11 | AI1132: =IF(OR(J1132<>"Karakter",pub_gid_0_single_true_output_csv[[#This Row],[Nilai2]]=""),"",IF(AF1132>89,"Sangat baik",IF(AF1132>79,"Baik",IF(AF1132>69,"Cukup",IF(AF1132>59,"Kurang","Sangat kurang"))))) | AJ1132: =IF(AF1132="","",CONCATENATE("Wk.",WEEKNUM(F1132,2))) -> Wk.3 | AK1132: =IF(pub_gid_0_single_true_output_csv[[#This Row],[Nilai2]]="","",VLOOKUP(pub_gid_0_single_true_output_csv[[#This Row],[NAMA]],Table7[],3,FALSE)) -> Superior
A1133: 1132 | B1133: 242510007 | C1133: 11A | D1133: Jupiten Bagau | E1133: Intan Jaya | F1133: 46036 | G1133: 14 | H1133: Jan | I1133: 26 | J1133: Karakter | K1133: Mandiri | L1133: Pantang menyerah dalam belajar dan mengerjakan tugas | M1133: Real | N1133: Entrepreneur | O1133: Product development | P1133: Pengolahan Kopi atau Tepung | Q1133: Product development | R1133: Produksi berkelanjutan | S1133: F11.01.01 | T1133: 1 | U1133: menganalisis kelas sosial dalam Masyarakat | V1133: 01.01 | W1133: Konsep kelas sosial dalam sejarah manusia | X1133: K11 | Y1133: F | Z1133: 65 | AA1133: 95 | AB1133: Tuntas | AC1133: Sejarah | AD1133: Bonafasia Jaju, S. Pd., Gr. | AE1133: =IF(AF1133="","",VLOOKUP(AC1133,mapel!$A$2:$B$42,2,FALSE)) -> Sejarah | AF1133: =IF(AA1133=0, "",IF(AA1133 = 0.1, 0,AA1133)) -> 95 | AG1133: =IF(AF1133="","",IF(AF1133>90,"Sangat baik",IF(AF1133>79,"Baik",IF(AF1133>=pub_gid_0_single_true_output_csv[[#This Row],[KKM]],"Cukup","Kurang")))) -> Sangat baik | AH1133: =IF(AG1133="","",VALUE(RIGHT(X1133,2))) -> 11 | AI1133: =IF(OR(J1133<>"Karakter",pub_gid_0_single_true_output_csv[[#This Row],[Nilai2]]=""),"",IF(AF1133>89,"Sangat baik",IF(AF1133>79,"Baik",IF(AF1133>69,"Cukup",IF(AF1133>59,"Kurang","Sangat kurang"))))) -> Sangat baik | AJ1133: =IF(AF1133="","",CONCATENATE("Wk.",WEEKNUM(F1133,2))) -> Wk.3 | AK1133: =IF(pub_gid_0_single_true_output_csv[[#This Row],[Nilai2]]="","",VLOOKUP(pub_gid_0_single_true_output_csv[[#This Row],[NAMA]],Table7[],3,FALSE)) -> Superior
A1134: 1133 | B1134: 242510007 | C1134: 11A | D1134: Jupiten Bagau | E1134: Intan Jaya | F1134: 46036 | G1134: 14 | H1134: Jan | I1134: 26 | J1134: Minat | K1134: Fokus, aktif berpartisipasi dan bertanya atau menanggapi | L1134: Observ | M1134: Real | N1134: Entrepreneur | O1134: Product development | P1134: Pengolahan Kopi atau Tepung | Q1134: Product development | R1134: Produksi berkelanjutan | S1134: F11.01.01 | T1134: 1 | U1134: menganalisis kelas sosial dalam Masyarakat | V1134: 01.01 | W1134: Konsep kelas sosial dalam sejarah manusia | X1134: K11 | Y1134: F | Z1134: 65 | AA1134: 70 | AB1134: Tuntas | AC1134: Sejarah | AD1134: Bonafasia Jaju, S. Pd., Gr. | AE1134: =IF(AF1134="","",VLOOKUP(AC1134,mapel!$A$2:$B$42,2,FALSE)) -> Sejarah | AF1134: =IF(AA1134=0, "",IF(AA1134 = 0.1, 0,AA1134)) -> 70 | AG1134: =IF(AF1134="","",IF(AF1134>90,"Sangat baik",IF(AF1134>79,"Baik",IF(AF1134>=pub_gid_0_single_true_output_csv[[#This Row],[KKM]],"Cukup","Kurang")))) -> Cukup | AH1134: =IF(AG1134="","",VALUE(RIGHT(X1134,2))) -> 11 | AI1134: =IF(OR(J1134<>"Karakter",pub_gid_0_single_true_output_csv[[#This Row],[Nilai2]]=""),"",IF(AF1134>89,"Sangat baik",IF(AF1134>79,"Baik",IF(AF1134>69,"Cukup",IF(AF1134>59,"Kurang","Sangat kurang"))))) | AJ1134: =IF(AF1134="","",CONCATENATE("Wk.",WEEKNUM(F1134,2))) -> Wk.3 | AK1134: =IF(pub_gid_0_single_true_output_csv[[#This Row],[Nilai2]]="","",VLOOKUP(pub_gid_0_single_true_output_csv[[#This Row],[NAMA]],Table7[],3,FALSE)) -> Superior
A1135: 1134 | B1135: 242510007 | C1135: 11A | D1135: Jupiten Bagau | E1135: Intan Jaya | F1135: 46043 | G1135: 21 | H1135: Jan | I1135: 26 | J1135: Teori | K1135: Kognitif Formatif | L1135: Penugasan | M1135: Real | N1135: Entrepreneur | O1135: Product development | P1135: Pengolahan Kopi atau Tepung | Q1135: Product development | R1135: Produksi berkelanjutan | S1135: F11.01.01 | T1135: 1 | U1135: menganalisis kelas sosial dalam Masyarakat | V1135: 01.01 | W1135: Konsep kelas sosial dalam sejarah manusia | X1135: K11 | Y1135: F | Z1135: 65 | AA1135: 70 | AB1135: Tuntas | AC1135: Sejarah | AD1135: Bonafasia Jaju, S. Pd., Gr. | AE1135: =IF(AF1135="","",VLOOKUP(AC1135,mapel!$A$2:$B$42,2,FALSE)) -> Sejarah | AF1135: =IF(AA1135=0, "",IF(AA1135 = 0.1, 0,AA1135)) -> 70 | AG1135: =IF(AF1135="","",IF(AF1135>90,"Sangat baik",IF(AF1135>79,"Baik",IF(AF1135>=pub_gid_0_single_true_output_csv[[#This Row],[KKM]],"Cukup","Kurang")))) -> Cukup | AH1135: =IF(AG1135="","",VALUE(RIGHT(X1135,2))) -> 11 | AI1135: =IF(OR(J1135<>"Karakter",pub_gid_0_single_true_output_csv[[#This Row],[Nilai2]]=""),"",IF(AF1135>89,"Sangat baik",IF(AF1135>79,"Baik",IF(AF1135>69,"Cukup",IF(AF1135>59,"Kurang","Sangat kurang"))))) | AJ1135: =IF(AF1135="","",CONCATENATE("Wk.",WEEKNUM(F1135,2))) -> Wk.4 | AK1135: =IF(pub_gid_0_single_true_output_csv[[#This Row],[Nilai2]]="","",VLOOKUP(pub_gid_0_single_true_output_csv[[#This Row],[NAMA]],Table7[],3,FALSE)) -> Superior
A1136: 1135 | B1136: 242510007 | C1136: 11A | D1136: Jupiten Bagau | E1136: Intan Jaya | F1136: 46043 | G1136: 21 | H1136: Jan | I1136: 26 | J1136: Nalar | K1136: Evaluasi | L1136: Observ | M1136: Real | N1136: Entrepreneur | O1136: Product development | P1136: Pengolahan Kopi atau Tepung | Q1136: Product development | R1136: Produksi berkelanjutan | S1136: F11.01.01 | T1136: 1 | U1136: menganalisis kelas sosial dalam Masyarakat | V1136: 01.01 | W1136: Konsep kelas sosial dalam sejarah manusia | X1136: K11 | Y1136: F | Z1136: 65 | AA1136: 68 | AB1136: Tuntas | AC1136: Sejarah | AD1136: Bonafasia Jaju, S. Pd., Gr. | AE1136: =IF(AF1136="","",VLOOKUP(AC1136,mapel!$A$2:$B$42,2,FALSE)) -> Sejarah | AF1136: =IF(AA1136=0, "",IF(AA1136 = 0.1, 0,AA1136)) -> 68 | AG1136: =IF(AF1136="","",IF(AF1136>90,"Sangat baik",IF(AF1136>79,"Baik",IF(AF1136>=pub_gid_0_single_true_output_csv[[#This Row],[KKM]],"Cukup","Kurang")))) -> Cukup | AH1136: =IF(AG1136="","",VALUE(RIGHT(X1136,2))) -> 11 | AI1136: =IF(OR(J1136<>"Karakter",pub_gid_0_single_true_output_csv[[#This Row],[Nilai2]]=""),"",IF(AF1136>89,"Sangat baik",IF(AF1136>79,"Baik",IF(AF1136>69,"Cukup",IF(AF1136>59,"Kurang","Sangat kurang"))))) | AJ1136: =IF(AF1136="","",CONCATENATE("Wk.",WEEKNUM(F1136,2))) -> Wk.4 | AK1136: =IF(pub_gid_0_single_true_output_csv[[#This Row],[Nilai2]]="","",VLOOKUP(pub_gid_0_single_true_output_csv[[#This Row],[NAMA]],Table7[],3,FALSE)) -> Superior
A1137: 1136 | B1137: 242510007 | C1137: 11A | D1137: Jupiten Bagau | E1137: Intan Jaya | F1137: 46043 | G1137: 21 | H1137: Jan | I1137: 26 | J1137: Karakter | K1137: Mandiri | L1137: Mengerjakan setiap tugas dan kewajiban di sekolah | M1137: Real | N1137: Entrepreneur | O1137: Product development | P1137: Pengolahan Kopi atau Tepung | Q1137: Product development | R1137: Produksi berkelanjutan | S1137: F11.01.01 | T1137: 1 | U1137: menganalisis kelas sosial dalam Masyarakat | V1137: 01.01 | W1137: Konsep kelas sosial dalam sejarah manusia | X1137: K11 | Y1137: F | Z1137: 65 | AA1137: 80 | AB1137: Tuntas | AC1137: Sejarah | AD1137: Bonafasia Jaju, S. Pd., Gr. | AE1137: =IF(AF1137="","",VLOOKUP(AC1137,mapel!$A$2:$B$42,2,FALSE)) -> Sejarah | AF1137: =IF(AA1137=0, "",IF(AA1137 = 0.1, 0,AA1137)) -> 80 | AG1137: =IF(AF1137="","",IF(AF1137>90,"Sangat baik",IF(AF1137>79,"Baik",IF(AF1137>=pub_gid_0_single_true_output_csv[[#This Row],[KKM]],"Cukup","Kurang")))) -> Baik | AH1137: =IF(AG1137="","",VALUE(RIGHT(X1137,2))) -> 11 | AI1137: =IF(OR(J1137<>"Karakter",pub_gid_0_single_true_output_csv[[#This Row],[Nilai2]]=""),"",IF(AF1137>89,"Sangat baik",IF(AF1137>79,"Baik",IF(AF1137>69,"Cukup",IF(AF1137>59,"Kurang","Sangat kurang"))))) -> Baik | AJ1137: =IF(AF1137="","",CONCATENATE("Wk.",WEEKNUM(F1137,2))) -> Wk.4 | AK1137: =IF(pub_gid_0_single_true_output_csv[[#This Row],[Nilai2]]="","",VLOOKUP(pub_gid_0_single_true_output_csv[[#This Row],[NAMA]],Table7[],3,FALSE)) -> Superior
A1138: 1137 | B1138: 242510007 | C1138: 11A | D1138: Jupiten Bagau | E1138: Intan Jaya | F1138: 46043 | G1138: 21 | H1138: Jan | I1138: 26 | J1138: Minat | K1138: Fokus, aktif berpartisipasi dan bertanya atau menanggapi | L1138: Observ | M1138: Real | N1138: Entrepreneur | O1138: Product development | P1138: Pengolahan Kopi atau Tepung | Q1138: Product development | R1138: Produksi berkelanjutan | S1138: F11.02.01 | T1138: 2 | V1138: 02.01 | W1138: Bentuk dampak Lingkungan | X1138: K11 | Y1138: F | Z1138: 65 | AA1138: 70 | AB1138: Tuntas | AC1138: Sejarah | AD1138: Bonafasia Jaju, S. Pd., Gr. | AE1138: =IF(AF1138="","",VLOOKUP(AC1138,mapel!$A$2:$B$42,2,FALSE)) -> Sejarah | AF1138: =IF(AA1138=0, "",IF(AA1138 = 0.1, 0,AA1138)) -> 70 | AG1138: =IF(AF1138="","",IF(AF1138>90,"Sangat baik",IF(AF1138>79,"Baik",IF(AF1138>=pub_gid_0_single_true_output_csv[[#This Row],[KKM]],"Cukup","Kurang")))) -> Cukup | AH1138: =IF(AG1138="","",VALUE(RIGHT(X1138,2))) -> 11 | AI1138: =IF(OR(J1138<>"Karakter",pub_gid_0_single_true_output_csv[[#This Row],[Nilai2]]=""),"",IF(AF1138>89,"Sangat baik",IF(AF1138>79,"Baik",IF(AF1138>69,"Cukup",IF(AF1138>59,"Kurang","Sangat kurang"))))) | AJ1138: =IF(AF1138="","",CONCATENATE("Wk.",WEEKNUM(F1138,2))) -> Wk.4 | AK1138: =IF(pub_gid_0_single_true_output_csv[[#This Row],[Nilai2]]="","",VLOOKUP(pub_gid_0_single_true_output_csv[[#This Row],[NAMA]],Table7[],3,FALSE)) -> Superior
A1139: 1138 | B1139: 242510007 | C1139: 11A | D1139: Jupiten Bagau | E1139: Intan Jaya | F1139: 46050 | G1139: 28 | H1139: Jan | I1139: 26 | J1139: Teori | K1139: Kognitif Formatif | L1139: Penugasan | M1139: Real | N1139: Entrepreneur | O1139: Product development | P1139: Pengolahan Kopi atau Tepung | Q1139: Product development | R1139: Produksi berkelanjutan | S1139: F11.02.01 | T1139: 2 | V1139: 02.01 | W1139: Bentuk dampak Lingkungan | X1139: K11 | Y1139: F | Z1139: 65 | AA1139: 70 | AB1139: Tuntas | AC1139: Sejarah | AD1139: Bonafasia Jaju, S. Pd., Gr. | AE1139: =IF(AF1139="","",VLOOKUP(AC1139,mapel!$A$2:$B$42,2,FALSE)) -> Sejarah | AF1139: =IF(AA1139=0, "",IF(AA1139 = 0.1, 0,AA1139)) -> 70 | AG1139: =IF(AF1139="","",IF(AF1139>90,"Sangat baik",IF(AF1139>79,"Baik",IF(AF1139>=pub_gid_0_single_true_output_csv[[#This Row],[KKM]],"Cukup","Kurang")))) -> Cukup | AH1139: =IF(AG1139="","",VALUE(RIGHT(X1139,2))) -> 11 | AI1139: =IF(OR(J1139<>"Karakter",pub_gid_0_single_true_output_csv[[#This Row],[Nilai2]]=""),"",IF(AF1139>89,"Sangat baik",IF(AF1139>79,"Baik",IF(AF1139>69,"Cukup",IF(AF1139>59,"Kurang","Sangat kurang"))))) | AJ1139: =IF(AF1139="","",CONCATENATE("Wk.",WEEKNUM(F1139,2))) -> Wk.5 | AK1139: =IF(pub_gid_0_single_true_output_csv[[#This Row],[Nilai2]]="","",VLOOKUP(pub_gid_0_single_true_output_csv[[#This Row],[NAMA]],Table7[],3,FALSE)) -> Superior
A1140: 1139 | B1140: 242510007 | C1140: 11A | D1140: Jupiten Bagau | E1140: Intan Jaya | F1140: 46050 | G1140: 28 | H1140: Jan | I1140: 26 | J1140: Nalar | K1140: Evaluasi | L1140: Penugasan | M1140: Real | N1140: Entrepreneur | O1140: Product development | P1140: Pengolahan Kopi atau Tepung | Q1140: Product development | R1140: Produksi berkelanjutan | S1140: F11.02.01 | T1140: 2 | V1140: 02.01 | W1140: Bentuk dampak Lingkungan | X1140: K11 | Y1140: F | Z1140: 65 | AA1140: 70 | AB1140: Tuntas | AC1140: Sejarah | AD1140: Bonafasia Jaju, S. Pd., Gr. | AE1140: =IF(AF1140="","",VLOOKUP(AC1140,mapel!$A$2:$B$42,2,FALSE)) -> Sejarah | AF1140: =IF(AA1140=0, "",IF(AA1140 = 0.1, 0,AA1140)) -> 70 | AG1140: =IF(AF1140="","",IF(AF1140>90,"Sangat baik",IF(AF1140>79,"Baik",IF(AF1140>=pub_gid_0_single_true_output_csv[[#This Row],[KKM]],"Cukup","Kurang")))) -> Cukup | AH1140: =IF(AG1140="","",VALUE(RIGHT(X1140,2))) -> 11 | AI1140: =IF(OR(J1140<>"Karakter",pub_gid_0_single_true_output_csv[[#This Row],[Nilai2]]=""),"",IF(AF1140>89,"Sangat baik",IF(AF1140>79,"Baik",IF(AF1140>69,"Cukup",IF(AF1140>59,"Kurang","Sangat kurang"))))) | AJ1140: =IF(AF1140="","",CONCATENATE("Wk.",WEEKNUM(F1140,2))) -> Wk.5 | AK1140: =IF(pub_gid_0_single_true_output_csv[[#This Row],[Nilai2]]="","",VLOOKUP(pub_gid_0_single_true_output_csv[[#This Row],[NAMA]],Table7[],3,FALSE)) -> Superior
A1141: 1140 | B1141: 242510007 | C1141: 11A | D1141: Jupiten Bagau | E1141: Intan Jaya | F1141: 46050 | G1141: 28 | H1141: Jan | I1141: 26 | J1141: Karakter | K1141: Mandiri | L1141: Pantang menyerah dalam belajar dan mengerjakan tugas | M1141: Real | N1141: Entrepreneur | O1141: Product development | P1141: Pengolahan Kopi atau Tepung | Q1141: Product development | R1141: Produksi berkelanjutan | S1141: F11.02.01 | T1141: 2 | V1141: 02.01 | W1141: Bentuk dampak Lingkungan | X1141: K11 | Y1141: F | Z1141: 65 | AA1141: 80 | AB1141: Tuntas | AC1141: Sejarah | AD1141: Bonafasia Jaju, S. Pd., Gr. | AE1141: =IF(AF1141="","",VLOOKUP(AC1141,mapel!$A$2:$B$42,2,FALSE)) -> Sejarah | AF1141: =IF(AA1141=0, "",IF(AA1141 = 0.1, 0,AA1141)) -> 80 | AG1141: =IF(AF1141="","",IF(AF1141>90,"Sangat baik",IF(AF1141>79,"Baik",IF(AF1141>=pub_gid_0_single_true_output_csv[[#This Row],[KKM]],"Cukup","Kurang")))) -> Baik | AH1141: =IF(AG1141="","",VALUE(RIGHT(X1141,2))) -> 11 | AI1141: =IF(OR(J1141<>"Karakter",pub_gid_0_single_true_output_csv[[#This Row],[Nilai2]]=""),"",IF(AF1141>89,"Sangat baik",IF(AF1141>79,"Baik",IF(AF1141>69,"Cukup",IF(AF1141>59,"Kurang","Sangat kurang"))))) -> Baik | AJ1141: =IF(AF1141="","",CONCATENATE("Wk.",WEEKNUM(F1141,2))) -> Wk.5 | AK1141: =IF(pub_gid_0_single_true_output_csv[[#This Row],[Nilai2]]="","",VLOOKUP(pub_gid_0_single_true_output_csv[[#This Row],[NAMA]],Table7[],3,FALSE)) -> Superior
A1142: 1141 | B1142: 242510007 | C1142: 11A | D1142: Jupiten Bagau | E1142: Intan Jaya | F1142: 46050 | G1142: 28 | H1142: Jan | I1142: 26 | J1142: Minat | K1142: Fokus, aktif berpartisipasi dan bertanya atau menanggapi | L1142: Observ | M1142: Real | N1142: Entrepreneur | O1142: Product development | P1142: Pengolahan Kopi atau Tepung | Q1142: Product development | R1142: Produksi berkelanjutan | S1142: F11.02.01 | T1142: 2 | V1142: 02.01 | W1142: Bentuk dampak Lingkungan | X1142: K11 | Y1142: F | Z1142: 65 | AA1142: 70 | AB1142: Tuntas | AC1142: Sejarah | AD1142: Bonafasia Jaju, S. Pd., Gr. | AE1142: =IF(AF1142="","",VLOOKUP(AC1142,mapel!$A$2:$B$42,2,FALSE)) -> Sejarah | AF1142: =IF(AA1142=0, "",IF(AA1142 = 0.1, 0,AA1142)) -> 70 | AG1142: =IF(AF1142="","",IF(AF1142>90,"Sangat baik",IF(AF1142>79,"Baik",IF(AF1142>=pub_gid_0_single_true_output_csv[[#This Row],[KKM]],"Cukup","Kurang")))) -> Cukup | AH1142: =IF(AG1142="","",VALUE(RIGHT(X1142,2))) -> 11 | AI1142: =IF(OR(J1142<>"Karakter",pub_gid_0_single_true_output_csv[[#This Row],[Nilai2]]=""),"",IF(AF1142>89,"Sangat baik",IF(AF1142>79,"Baik",IF(AF1142>69,"Cukup",IF(AF1142>59,"Kurang","Sangat kurang"))))) | AJ1142: =IF(AF1142="","",CONCATENATE("Wk.",WEEKNUM(F1142,2))) -> Wk.5 | AK1142: =IF(pub_gid_0_single_true_output_csv[[#This Row],[Nilai2]]="","",VLOOKUP(pub_gid_0_single_true_output_csv[[#This Row],[NAMA]],Table7[],3,FALSE)) -> Superior
A1143: 1142 | B1143: 242510007 | C1143: 11A | D1143: Jupiten Bagau | E1143: Intan Jaya | F1143: 46057 | G1143: 04 | H1143: Feb | I1143: 26 | J1143: Teori | K1143: Kognitif Formatif | L1143: Penugasan | M1143: Real | N1143: Entrepreneur | O1143: Product development | P1143: Pengolahan Kopi atau Tepung | Q1143: Product development | R1143: Produksi berkelanjutan | S1143: F11.02.01 | T1143: 2 | V1143: 02.01 | W1143: Bentuk dampak Lingkungan | X1143: K11 | Y1143: F | Z1143: 65 | AA1143: 70 | AB1143: Tuntas | AC1143: Sejarah | AD1143: Bonafasia Jaju, S. Pd., Gr. | AE1143: =IF(AF1143="","",VLOOKUP(AC1143,mapel!$A$2:$B$42,2,FALSE)) -> Sejarah | AF1143: =IF(AA1143=0, "",IF(AA1143 = 0.1, 0,AA1143)) -> 70 | AG1143: =IF(AF1143="","",IF(AF1143>90,"Sangat baik",IF(AF1143>79,"Baik",IF(AF1143>=pub_gid_0_single_true_output_csv[[#This Row],[KKM]],"Cukup","Kurang")))) -> Cukup | AH1143: =IF(AG1143="","",VALUE(RIGHT(X1143,2))) -> 11 | AI1143: =IF(OR(J1143<>"Karakter",pub_gid_0_single_true_output_csv[[#This Row],[Nilai2]]=""),"",IF(AF1143>89,"Sangat baik",IF(AF1143>79,"Baik",IF(AF1143>69,"Cukup",IF(AF1143>59,"Kurang","Sangat kurang"))))) | AJ1143: =IF(AF1143="","",CONCATENATE("Wk.",WEEKNUM(F1143,2))) -> Wk.6 | AK1143: =IF(pub_gid_0_single_true_output_csv[[#This Row],[Nilai2]]="","",VLOOKUP(pub_gid_0_single_true_output_csv[[#This Row],[NAMA]],Table7[],3,FALSE)) -> Superior
A1144: 1143 | B1144: 242510007 | C1144: 11A | D1144: Jupiten Bagau | E1144: Intan Jaya | F1144: 46057 | G1144: 04 | H1144: Feb | I1144: 26 | J1144: Nalar | K1144: Evaluasi | L1144: Penugasan | M1144: Real | N1144: Entrepreneur | O1144: Product development | P1144: Pengolahan Kopi atau Tepung | Q1144: Product development | R1144: Produksi berkelanjutan | S1144: F11.02.01 | T1144: 2 | V1144: 02.01 | W1144: Bentuk dampak Lingkungan | X1144: K11 | Y1144: F | Z1144: 65 | AA1144: 70 | AB1144: Tuntas | AC1144: Sejarah | AD1144: Bonafasia Jaju, S. Pd., Gr. | AE1144: =IF(AF1144="","",VLOOKUP(AC1144,mapel!$A$2:$B$42,2,FALSE)) -> Sejarah | AF1144: =IF(AA1144=0, "",IF(AA1144 = 0.1, 0,AA1144)) -> 70 | AG1144: =IF(AF1144="","",IF(AF1144>90,"Sangat baik",IF(AF1144>79,"Baik",IF(AF1144>=pub_gid_0_single_true_output_csv[[#This Row],[KKM]],"Cukup","Kurang")))) -> Cukup | AH1144: =IF(AG1144="","",VALUE(RIGHT(X1144,2))) -> 11 | AI1144: =IF(OR(J1144<>"Karakter",pub_gid_0_single_true_output_csv[[#This Row],[Nilai2]]=""),"",IF(AF1144>89,"Sangat baik",IF(AF1144>79,"Baik",IF(AF1144>69,"Cukup",IF(AF1144>59,"Kurang","Sangat kurang"))))) | AJ1144: =IF(AF1144="","",CONCATENATE("Wk.",WEEKNUM(F1144,2))) -> Wk.6 | AK1144: =IF(pub_gid_0_single_true_output_csv[[#This Row],[Nilai2]]="","",VLOOKUP(pub_gid_0_single_true_output_csv[[#This Row],[NAMA]],Table7[],3,FALSE)) -> Superior
A1145: 1144 | B1145: 242510007 | C1145: 11A | D1145: Jupiten Bagau | E1145: Intan Jaya | F1145: 46057 | G1145: 04 | H1145: Feb | I1145: 26 | J1145: Karakter | K1145: Mandiri | L1145: Mengerjakan setiap tugas dan kewajiban di sekolah | M1145: Real | N1145: Entrepreneur | O1145: Product development | P1145: Pengolahan Kopi atau Tepung | Q1145: Product development | R1145: Produksi berkelanjutan | S1145: F11.02.01 | T1145: 2 | V1145: 02.01 | W1145: Bentuk dampak Lingkungan | X1145: K11 | Y1145: F | Z1145: 65 | AA1145: 65 | AB1145: Tuntas | AC1145: Sejarah | AD1145: Bonafasia Jaju, S. Pd., Gr. | AE1145: =IF(AF1145="","",VLOOKUP(AC1145,mapel!$A$2:$B$42,2,FALSE)) -> Sejarah | AF1145: =IF(AA1145=0, "",IF(AA1145 = 0.1, 0,AA1145)) -> 65 | AG1145: =IF(AF1145="","",IF(AF1145>90,"Sangat baik",IF(AF1145>79,"Baik",IF(AF1145>=pub_gid_0_single_true_output_csv[[#This Row],[KKM]],"Cukup","Kurang")))) -> Cukup | AH1145: =IF(AG1145="","",VALUE(RIGHT(X1145,2))) -> 11 | AI1145: =IF(OR(J1145<>"Karakter",pub_gid_0_single_true_output_csv[[#This Row],[Nilai2]]=""),"",IF(AF1145>89,"Sangat baik",IF(AF1145>79,"Baik",IF(AF1145>69,"Cukup",IF(AF1145>59,"Kurang","Sangat kurang"))))) -> Kurang | AJ1145: =IF(AF1145="","",CONCATENATE("Wk.",WEEKNUM(F1145,2))) -> Wk.6 | AK1145: =IF(pub_gid_0_single_true_output_csv[[#This Row],[Nilai2]]="","",VLOOKUP(pub_gid_0_single_true_output_csv[[#This Row],[NAMA]],Table7[],3,FALSE)) -> Superior
A1146: 1145 | B1146: 242510007 | C1146: 11A | D1146: Jupiten Bagau | E1146: Intan Jaya | F1146: 46057 | G1146: 04 | H1146: Feb | I1146: 26 | J1146: Minat | K1146: Fokus, aktif berpartisipasi dan bertanya atau menanggapi | L1146: Observ | M1146: Real | N1146: Entrepreneur | O1146: Product development | P1146: Pengolahan Kopi atau Tepung | Q1146: Product development | R1146: Produksi berkelanjutan | S1146: F11.02.01 | T1146: 2 | V1146: 02.01 | W1146: Bentuk dampak Lingkungan | X1146: K11 | Y1146: F | Z1146: 65 | AA1146: 65 | AB1146: Tuntas | AC1146: Sejarah | AD1146: Bonafasia Jaju, S. Pd., Gr. | AE1146: =IF(AF1146="","",VLOOKUP(AC1146,mapel!$A$2:$B$42,2,FALSE)) -> Sejarah | AF1146: =IF(AA1146=0, "",IF(AA1146 = 0.1, 0,AA1146)) -> 65 | AG1146: =IF(AF1146="","",IF(AF1146>90,"Sangat baik",IF(AF1146>79,"Baik",IF(AF1146>=pub_gid_0_single_true_output_csv[[#This Row],[KKM]],"Cukup","Kurang")))) -> Cukup | AH1146: =IF(AG1146="","",VALUE(RIGHT(X1146,2))) -> 11 | AI1146: =IF(OR(J1146<>"Karakter",pub_gid_0_single_true_output_csv[[#This Row],[Nilai2]]=""),"",IF(AF1146>89,"Sangat baik",IF(AF1146>79,"Baik",IF(AF1146>69,"Cukup",IF(AF1146>59,"Kurang","Sangat kurang"))))) | AJ1146: =IF(AF1146="","",CONCATENATE("Wk.",WEEKNUM(F1146,2))) -> Wk.6 | AK1146: =IF(pub_gid_0_single_true_output_csv[[#This Row],[Nilai2]]="","",VLOOKUP(pub_gid_0_single_true_output_csv[[#This Row],[NAMA]],Table7[],3,FALSE)) -> Superior
A1147: 1146 | B1147: 242510007 | C1147: 11A | D1147: Jupiten Bagau | E1147: Intan Jaya | F1147: 46064 | G1147: 11 | H1147: Feb | I1147: 26 | J1147: Teori | K1147: Kognitif Formatif | L1147: Penugasan | M1147: Real | N1147: Entrepreneur | O1147: Product development | P1147: Pengolahan Kopi atau Tepung | Q1147: Product development | R1147: Produksi berkelanjutan | S1147: F11.03.01 | T1147: 3 | V1147: 03.01 | W1147: Prilaku Sosial | X1147: K11 | Y1147: F | Z1147: 65 | AA1147: 70 | AB1147: Tuntas | AC1147: Sejarah | AD1147: Bonafasia Jaju, S. Pd., Gr. | AE1147: =IF(AF1147="","",VLOOKUP(AC1147,mapel!$A$2:$B$42,2,FALSE)) -> Sejarah | AF1147: =IF(AA1147=0, "",IF(AA1147 = 0.1, 0,AA1147)) -> 70 | AG1147: =IF(AF1147="","",IF(AF1147>90,"Sangat baik",IF(AF1147>79,"Baik",IF(AF1147>=pub_gid_0_single_true_output_csv[[#This Row],[KKM]],"Cukup","Kurang")))) -> Cukup | AH1147: =IF(AG1147="","",VALUE(RIGHT(X1147,2))) -> 11 | AI1147: =IF(OR(J1147<>"Karakter",pub_gid_0_single_true_output_csv[[#This Row],[Nilai2]]=""),"",IF(AF1147>89,"Sangat baik",IF(AF1147>79,"Baik",IF(AF1147>69,"Cukup",IF(AF1147>59,"Kurang","Sangat kurang"))))) | AJ1147: =IF(AF1147="","",CONCATENATE("Wk.",WEEKNUM(F1147,2))) -> Wk.7 | AK1147: =IF(pub_gid_0_single_true_output_csv[[#This Row],[Nilai2]]="","",VLOOKUP(pub_gid_0_single_true_output_csv[[#This Row],[NAMA]],Table7[],3,FALSE)) -> Superior
A1148: 1147 | B1148: 242510007 | C1148: 11A | D1148: Jupiten Bagau | E1148: Intan Jaya | F1148: 46064 | G1148: 11 | H1148: Feb | I1148: 26 | J1148: Nalar | K1148: Evaluasi | L1148: Penugasan | M1148: Real | N1148: Entrepreneur | O1148: Product development | P1148: Pengolahan Kopi atau Tepung | Q1148: Product development | R1148: Produksi berkelanjutan | S1148: F11.03.01 | T1148: 3 | V1148: 03.01 | W1148: Prilaku Sosial | X1148: K11 | Y1148: F | Z1148: 65 | AA1148: 65 | AB1148: Tuntas | AC1148: Sejarah | AD1148: Bonafasia Jaju, S. Pd., Gr. | AE1148: =IF(AF1148="","",VLOOKUP(AC1148,mapel!$A$2:$B$42,2,FALSE)) -> Sejarah | AF1148: =IF(AA1148=0, "",IF(AA1148 = 0.1, 0,AA1148)) -> 65 | AG1148: =IF(AF1148="","",IF(AF1148>90,"Sangat baik",IF(AF1148>79,"Baik",IF(AF1148>=pub_gid_0_single_true_output_csv[[#This Row],[KKM]],"Cukup","Kurang")))) -> Cukup | AH1148: =IF(AG1148="","",VALUE(RIGHT(X1148,2))) -> 11 | AI1148: =IF(OR(J1148<>"Karakter",pub_gid_0_single_true_output_csv[[#This Row],[Nilai2]]=""),"",IF(AF1148>89,"Sangat baik",IF(AF1148>79,"Baik",IF(AF1148>69,"Cukup",IF(AF1148>59,"Kurang","Sangat kurang"))))) | AJ1148: =IF(AF1148="","",CONCATENATE("Wk.",WEEKNUM(F1148,2))) -> Wk.7 | AK1148: =IF(pub_gid_0_single_true_output_csv[[#This Row],[Nilai2]]="","",VLOOKUP(pub_gid_0_single_true_output_csv[[#This Row],[NAMA]],Table7[],3,FALSE)) -> Superior
A1149: 1148 | B1149: 242510007 | C1149: 11A | D1149: Jupiten Bagau | E1149: Intan Jaya | F1149: 46064 | G1149: 11 | H1149: Feb | I1149: 26 | J1149: Karakter | K1149: Mandiri | L1149: Mengerjakan setiap tugas dan kewajiban di sekolah | M1149: Real | N1149: Entrepreneur | O1149: Product development | P1149: Pengolahan Kopi atau Tepung | Q1149: Product development | R1149: Produksi berkelanjutan | S1149: F11.03.01 | T1149: 3 | V1149: 03.01 | W1149: Prilaku Sosial | X1149: K11 | Y1149: F | Z1149: 65 | AA1149: 70 | AB1149: Tuntas | AC1149: Sejarah | AD1149: Bonafasia Jaju, S. Pd., Gr. | AE1149: =IF(AF1149="","",VLOOKUP(AC1149,mapel!$A$2:$B$42,2,FALSE)) -> Sejarah | AF1149: =IF(AA1149=0, "",IF(AA1149 = 0.1, 0,AA1149)) -> 70 | AG1149: =IF(AF1149="","",IF(AF1149>90,"Sangat baik",IF(AF1149>79,"Baik",IF(AF1149>=pub_gid_0_single_true_output_csv[[#This Row],[KKM]],"Cukup","Kurang")))) -> Cukup | AH1149: =IF(AG1149="","",VALUE(RIGHT(X1149,2))) -> 11 | AI1149: =IF(OR(J1149<>"Karakter",pub_gid_0_single_true_output_csv[[#This Row],[Nilai2]]=""),"",IF(AF1149>89,"Sangat baik",IF(AF1149>79,"Baik",IF(AF1149>69,"Cukup",IF(AF1149>59,"Kurang","Sangat kurang"))))) -> Cukup | AJ1149: =IF(AF1149="","",CONCATENATE("Wk.",WEEKNUM(F1149,2))) -> Wk.7 | AK1149: =IF(pub_gid_0_single_true_output_csv[[#This Row],[Nilai2]]="","",VLOOKUP(pub_gid_0_single_true_output_csv[[#This Row],[NAMA]],Table7[],3,FALSE)) -> Superior
A1150: 1149 | B1150: 242510007 | C1150: 11A | D1150: Jupiten Bagau | E1150: Intan Jaya | F1150: 46064 | G1150: 11 | H1150: Feb | I1150: 26 | J1150: Minat | K1150: Fokus, aktif berpartisipasi dan bertanya atau menanggapi | L1150: Observ | M1150: Real | N1150: Entrepreneur | O1150: Product development | P1150: Pengolahan Kopi atau Tepung | Q1150: Product development | R1150: Produksi berkelanjutan | S1150: F11.03.01 | T1150: 3 | V1150: 03.01 | W1150: Prilaku Sosial | X1150: K11 | Y1150: F | Z1150: 65 | AA1150: 70 | AB1150: Tuntas | AC1150: Sejarah | AD1150: Bonafasia Jaju, S. Pd., Gr. | AE1150: =IF(AF1150="","",VLOOKUP(AC1150,mapel!$A$2:$B$42,2,FALSE)) -> Sejarah | AF1150: =IF(AA1150=0, "",IF(AA1150 = 0.1, 0,AA1150)) -> 70 | AG1150: =IF(AF1150="","",IF(AF1150>90,"Sangat baik",IF(AF1150>79,"Baik",IF(AF1150>=pub_gid_0_single_true_output_csv[[#This Row],[KKM]],"Cukup","Kurang")))) -> Cukup | AH1150: =IF(AG1150="","",VALUE(RIGHT(X1150,2))) -> 11 | AI1150: =IF(OR(J1150<>"Karakter",pub_gid_0_single_true_output_csv[[#This Row],[Nilai2]]=""),"",IF(AF1150>89,"Sangat baik",IF(AF1150>79,"Baik",IF(AF1150>69,"Cukup",IF(AF1150>59,"Kurang","Sangat kurang"))))) | AJ1150: =IF(AF1150="","",CONCATENATE("Wk.",WEEKNUM(F1150,2))) -> Wk.7 | AK1150: =IF(pub_gid_0_single_true_output_csv[[#This Row],[Nilai2]]="","",VLOOKUP(pub_gid_0_single_true_output_csv[[#This Row],[NAMA]],Table7[],3,FALSE)) -> Superior
A1151: 1150 | B1151: 242510007 | C1151: 11A | D1151: Jupiten Bagau | E1151: Intan Jaya | F1151: 46071 | G1151: 18 | H1151: Feb | I1151: 26 | J1151: Teori | K1151: Kognitif Sumatif | L1151: SH | M1151: Real | N1151: Entrepreneur | O1151: Product development | P1151: Pengolahan Kopi atau Tepung | Q1151: Product development | R1151: Produksi berkelanjutan | S1151: F11.01.01 | T1151: 1 | U1151: menganalisis kelas sosial dalam Masyarakat | V1151: 01.01 | W1151: Konsep kelas sosial dalam sejarah manusia | X1151: K11 | Y1151: F | Z1151: 65 | AA1151: 70 | AB1151: Tuntas | AC1151: Sejarah | AD1151: Bonafasia Jaju, S. Pd., Gr. | AE1151: =IF(AF1151="","",VLOOKUP(AC1151,mapel!$A$2:$B$42,2,FALSE)) -> Sejarah | AF1151: =IF(AA1151=0, "",IF(AA1151 = 0.1, 0,AA1151)) -> 70 | AG1151: =IF(AF1151="","",IF(AF1151>90,"Sangat baik",IF(AF1151>79,"Baik",IF(AF1151>=pub_gid_0_single_true_output_csv[[#This Row],[KKM]],"Cukup","Kurang")))) -> Cukup | AH1151: =IF(AG1151="","",VALUE(RIGHT(X1151,2))) -> 11 | AI1151: =IF(OR(J1151<>"Karakter",pub_gid_0_single_true_output_csv[[#This Row],[Nilai2]]=""),"",IF(AF1151>89,"Sangat baik",IF(AF1151>79,"Baik",IF(AF1151>69,"Cukup",IF(AF1151>59,"Kurang","Sangat kurang"))))) | AJ1151: =IF(AF1151="","",CONCATENATE("Wk.",WEEKNUM(F1151,2))) -> Wk.8 | AK1151: =IF(pub_gid_0_single_true_output_csv[[#This Row],[Nilai2]]="","",VLOOKUP(pub_gid_0_single_true_output_csv[[#This Row],[NAMA]],Table7[],3,FALSE)) -> Superior
A1152: 1151 | B1152: 242510007 | C1152: 11A | D1152: Jupiten Bagau | E1152: Intan Jaya | F1152: 46071 | G1152: 18 | H1152: Feb | I1152: 26 | J1152: Karakter | K1152: Mandiri | L1152: Mengerjakan setiap tugas dan kewajiban di sekolah | M1152: Real | N1152: Entrepreneur | O1152: Product development | P1152: Pengolahan Kopi atau Tepung | Q1152: Product development | R1152: Produksi berkelanjutan | S1152: F11.01.01 | T1152: 1 | U1152: menganalisis kelas sosial dalam Masyarakat | V1152: 01.01 | W1152: Konsep kelas sosial dalam sejarah manusia | X1152: K11 | Y1152: F | Z1152: 65 | AA1152: 70 | AB1152: Tuntas | AC1152: Sejarah | AD1152: Bonafasia Jaju, S. Pd., Gr. | AE1152: =IF(AF1152="","",VLOOKUP(AC1152,mapel!$A$2:$B$42,2,FALSE)) -> Sejarah | AF1152: =IF(AA1152=0, "",IF(AA1152 = 0.1, 0,AA1152)) -> 70 | AG1152: =IF(AF1152="","",IF(AF1152>90,"Sangat baik",IF(AF1152>79,"Baik",IF(AF1152>=pub_gid_0_single_true_output_csv[[#This Row],[KKM]],"Cukup","Kurang")))) -> Cukup | AH1152: =IF(AG1152="","",VALUE(RIGHT(X1152,2))) -> 11 | AI1152: =IF(OR(J1152<>"Karakter",pub_gid_0_single_true_output_csv[[#This Row],[Nilai2]]=""),"",IF(AF1152>89,"Sangat baik",IF(AF1152>79,"Baik",IF(AF1152>69,"Cukup",IF(AF1152>59,"Kurang","Sangat kurang"))))) -> Cukup | AJ1152: =IF(AF1152="","",CONCATENATE("Wk.",WEEKNUM(F1152,2))) -> Wk.8 | AK1152: =IF(pub_gid_0_single_true_output_csv[[#This Row],[Nilai2]]="","",VLOOKUP(pub_gid_0_single_true_output_csv[[#This Row],[NAMA]],Table7[],3,FALSE)) -> Superior
A1153: 1152 | B1153: 242510008 | C1153: 11A | D1153: Lince Tigi | E1153: Dogiyai | F1153: 46036 | G1153: 14 | H1153: Jan | I1153: 26 | J1153: Teori | K1153: Kognitif Formatif | L1153: Penugasan | M1153: Real | N1153: Entrepreneur | O1153: Product development | P1153: Pengolahan Kopi atau Tepung | Q1153: Product development | R1153: Produksi berkelanjutan | S1153: F11.01.01 | T1153: 1 | U1153: menganalisis kelas sosial dalam Masyarakat | V1153: 01.01 | W1153: Konsep kelas sosial dalam sejarah manusia | X1153: K11 | Y1153: F | Z1153: 65 | AA1153: 80 | AB1153: Tuntas | AC1153: Sejarah | AD1153: Bonafasia Jaju, S. Pd., Gr. | AE1153: =IF(AF1153="","",VLOOKUP(AC1153,mapel!$A$2:$B$42,2,FALSE)) -> Sejarah | AF1153: =IF(AA1153=0, "",IF(AA1153 = 0.1, 0,AA1153)) -> 80 | AG1153: =IF(AF1153="","",IF(AF1153>90,"Sangat baik",IF(AF1153>79,"Baik",IF(AF1153>=pub_gid_0_single_true_output_csv[[#This Row],[KKM]],"Cukup","Kurang")))) -> Baik | AH1153: =IF(AG1153="","",VALUE(RIGHT(X1153,2))) -> 11 | AI1153: =IF(OR(J1153<>"Karakter",pub_gid_0_single_true_output_csv[[#This Row],[Nilai2]]=""),"",IF(AF1153>89,"Sangat baik",IF(AF1153>79,"Baik",IF(AF1153>69,"Cukup",IF(AF1153>59,"Kurang","Sangat kurang"))))) | AJ1153: =IF(AF1153="","",CONCATENATE("Wk.",WEEKNUM(F1153,2))) -> Wk.3 | AK1153: =IF(pub_gid_0_single_true_output_csv[[#This Row],[Nilai2]]="","",VLOOKUP(pub_gid_0_single_true_output_csv[[#This Row],[NAMA]],Table7[],3,FALSE)) -> High average
A1154: 1153 | B1154: 242510008 | C1154: 11A | D1154: Lince Tigi | E1154: Dogiyai | F1154: 46036 | G1154: 14 | H1154: Jan | I1154: 26 | J1154: Nalar | K1154: Analisa | L1154: Penugasan | M1154: Real | N1154: Entrepreneur | O1154: Product development | P1154: Pengolahan Kopi atau Tepung | Q1154: Product development | R1154: Produksi berkelanjutan | S1154: F11.01.01 | T1154: 1 | U1154: menganalisis kelas sosial dalam Masyarakat | V1154: 01.01 | W1154: Konsep kelas sosial dalam sejarah manusia | X1154: K11 | Y1154: F | Z1154: 65 | AA1154: 75 | AB1154: Tuntas | AC1154: Sejarah | AD1154: Bonafasia Jaju, S. Pd., Gr. | AE1154: =IF(AF1154="","",VLOOKUP(AC1154,mapel!$A$2:$B$42,2,FALSE)) -> Sejarah | AF1154: =IF(AA1154=0, "",IF(AA1154 = 0.1, 0,AA1154)) -> 75 | AG1154: =IF(AF1154="","",IF(AF1154>90,"Sangat baik",IF(AF1154>79,"Baik",IF(AF1154>=pub_gid_0_single_true_output_csv[[#This Row],[KKM]],"Cukup","Kurang")))) -> Cukup | AH1154: =IF(AG1154="","",VALUE(RIGHT(X1154,2))) -> 11 | AI1154: =IF(OR(J1154<>"Karakter",pub_gid_0_single_true_output_csv[[#This Row],[Nilai2]]=""),"",IF(AF1154>89,"Sangat baik",IF(AF1154>79,"Baik",IF(AF1154>69,"Cukup",IF(AF1154>59,"Kurang","Sangat kurang"))))) | AJ1154: =IF(AF1154="","",CONCATENATE("Wk.",WEEKNUM(F1154,2))) -> Wk.3 | AK1154: =IF(pub_gid_0_single_true_output_csv[[#This Row],[Nilai2]]="","",VLOOKUP(pub_gid_0_single_true_output_csv[[#This Row],[NAMA]],Table7[],3,FALSE)) -> High average
A1155: 1154 | B1155: 242510008 | C1155: 11A | D1155: Lince Tigi | E1155: Dogiyai | F1155: 46036 | G1155: 14 | H1155: Jan | I1155: 26 | J1155: Karakter | K1155: Mandiri | L1155: Pantang menyerah dalam belajar dan mengerjakan tugas | M1155: Real | N1155: Entrepreneur | O1155: Product development | P1155: Pengolahan Kopi atau Tepung | Q1155: Product development | R1155: Produksi berkelanjutan | S1155: F11.01.01 | T1155: 1 | U1155: menganalisis kelas sosial dalam Masyarakat | V1155: 01.01 | W1155: Konsep kelas sosial dalam sejarah manusia | X1155: K11 | Y1155: F | Z1155: 65 | AA1155: 95 | AB1155: Tuntas | AC1155: Sejarah | AD1155: Bonafasia Jaju, S. Pd., Gr. | AE1155: =IF(AF1155="","",VLOOKUP(AC1155,mapel!$A$2:$B$42,2,FALSE)) -> Sejarah | AF1155: =IF(AA1155=0, "",IF(AA1155 = 0.1, 0,AA1155)) -> 95 | AG1155: =IF(AF1155="","",IF(AF1155>90,"Sangat baik",IF(AF1155>79,"Baik",IF(AF1155>=pub_gid_0_single_true_output_csv[[#This Row],[KKM]],"Cukup","Kurang")))) -> Sangat baik | AH1155: =IF(AG1155="","",VALUE(RIGHT(X1155,2))) -> 11 | AI1155: =IF(OR(J1155<>"Karakter",pub_gid_0_single_true_output_csv[[#This Row],[Nilai2]]=""),"",IF(AF1155>89,"Sangat baik",IF(AF1155>79,"Baik",IF(AF1155>69,"Cukup",IF(AF1155>59,"Kurang","Sangat kurang"))))) -> Sangat baik | AJ1155: =IF(AF1155="","",CONCATENATE("Wk.",WEEKNUM(F1155,2))) -> Wk.3 | AK1155: =IF(pub_gid_0_single_true_output_csv[[#This Row],[Nilai2]]="","",VLOOKUP(pub_gid_0_single_true_output_csv[[#This Row],[NAMA]],Table7[],3,FALSE)) -> High average
A1156: 1155 | B1156: 242510008 | C1156: 11A | D1156: Lince Tigi | E1156: Dogiyai | F1156: 46036 | G1156: 14 | H1156: Jan | I1156: 26 | J1156: Minat | K1156: Fokus, aktif berpartisipasi dan bertanya atau menanggapi | L1156: Observ | M1156: Real | N1156: Entrepreneur | O1156: Product development | P1156: Pengolahan Kopi atau Tepung | Q1156: Product development | R1156: Produksi berkelanjutan | S1156: F11.01.01 | T1156: 1 | U1156: menganalisis kelas sosial dalam Masyarakat | V1156: 01.01 | W1156: Konsep kelas sosial dalam sejarah manusia | X1156: K11 | Y1156: F | Z1156: 65 | AA1156: 70 | AB1156: Tuntas | AC1156: Sejarah | AD1156: Bonafasia Jaju, S. Pd., Gr. | AE1156: =IF(AF1156="","",VLOOKUP(AC1156,mapel!$A$2:$B$42,2,FALSE)) -> Sejarah | AF1156: =IF(AA1156=0, "",IF(AA1156 = 0.1, 0,AA1156)) -> 70 | AG1156: =IF(AF1156="","",IF(AF1156>90,"Sangat baik",IF(AF1156>79,"Baik",IF(AF1156>=pub_gid_0_single_true_output_csv[[#This Row],[KKM]],"Cukup","Kurang")))) -> Cukup | AH1156: =IF(AG1156="","",VALUE(RIGHT(X1156,2))) -> 11 | AI1156: =IF(OR(J1156<>"Karakter",pub_gid_0_single_true_output_csv[[#This Row],[Nilai2]]=""),"",IF(AF1156>89,"Sangat baik",IF(AF1156>79,"Baik",IF(AF1156>69,"Cukup",IF(AF1156>59,"Kurang","Sangat kurang"))))) | AJ1156: =IF(AF1156="","",CONCATENATE("Wk.",WEEKNUM(F1156,2))) -> Wk.3 | AK1156: =IF(pub_gid_0_single_true_output_csv[[#This Row],[Nilai2]]="","",VLOOKUP(pub_gid_0_single_true_output_csv[[#This Row],[NAMA]],Table7[],3,FALSE)) -> High average
A1157: 1156 | B1157: 242510008 | C1157: 11A | D1157: Lince Tigi | E1157: Dogiyai | F1157: 46043 | G1157: 21 | H1157: Jan | I1157: 26 | J1157: Teori | K1157: Kognitif Formatif | L1157: Penugasan | M1157: Real | N1157: Entrepreneur | O1157: Product development | P1157: Pengolahan Kopi atau Tepung | Q1157: Product development | R1157: Produksi berkelanjutan | S1157: F11.01.01 | T1157: 1 | U1157: menganalisis kelas sosial dalam Masyarakat | V1157: 01.01 | W1157: Konsep kelas sosial dalam sejarah manusia | X1157: K11 | Y1157: F | Z1157: 65 | AA1157: 75 | AB1157: Tuntas | AC1157: Sejarah | AD1157: Bonafasia Jaju, S. Pd., Gr. | AE1157: =IF(AF1157="","",VLOOKUP(AC1157,mapel!$A$2:$B$42,2,FALSE)) -> Sejarah | AF1157: =IF(AA1157=0, "",IF(AA1157 = 0.1, 0,AA1157)) -> 75 | AG1157: =IF(AF1157="","",IF(AF1157>90,"Sangat baik",IF(AF1157>79,"Baik",IF(AF1157>=pub_gid_0_single_true_output_csv[[#This Row],[KKM]],"Cukup","Kurang")))) -> Cukup | AH1157: =IF(AG1157="","",VALUE(RIGHT(X1157,2))) -> 11 | AI1157: =IF(OR(J1157<>"Karakter",pub_gid_0_single_true_output_csv[[#This Row],[Nilai2]]=""),"",IF(AF1157>89,"Sangat baik",IF(AF1157>79,"Baik",IF(AF1157>69,"Cukup",IF(AF1157>59,"Kurang","Sangat kurang"))))) | AJ1157: =IF(AF1157="","",CONCATENATE("Wk.",WEEKNUM(F1157,2))) -> Wk.4 | AK1157: =IF(pub_gid_0_single_true_output_csv[[#This Row],[Nilai2]]="","",VLOOKUP(pub_gid_0_single_true_output_csv[[#This Row],[NAMA]],Table7[],3,FALSE)) -> High average
A1158: 1157 | B1158: 242510008 | C1158: 11A | D1158: Lince Tigi | E1158: Dogiyai | F1158: 46043 | G1158: 21 | H1158: Jan | I1158: 26 | J1158: Nalar | K1158: Evaluasi | L1158: Observ | M1158: Real | N1158: Entrepreneur | O1158: Product development | P1158: Pengolahan Kopi atau Tepung | Q1158: Product development | R1158: Produksi berkelanjutan | S1158: F11.01.01 | T1158: 1 | U1158: menganalisis kelas sosial dalam Masyarakat | V1158: 01.01 | W1158: Konsep kelas sosial dalam sejarah manusia | X1158: K11 | Y1158: F | Z1158: 65 | AA1158: 70 | AB1158: Tuntas | AC1158: Sejarah | AD1158: Bonafasia Jaju, S. Pd., Gr. | AE1158: =IF(AF1158="","",VLOOKUP(AC1158,mapel!$A$2:$B$42,2,FALSE)) -> Sejarah | AF1158: =IF(AA1158=0, "",IF(AA1158 = 0.1, 0,AA1158)) -> 70 | AG1158: =IF(AF1158="","",IF(AF1158>90,"Sangat baik",IF(AF1158>79,"Baik",IF(AF1158>=pub_gid_0_single_true_output_csv[[#This Row],[KKM]],"Cukup","Kurang")))) -> Cukup | AH1158: =IF(AG1158="","",VALUE(RIGHT(X1158,2))) -> 11 | AI1158: =IF(OR(J1158<>"Karakter",pub_gid_0_single_true_output_csv[[#This Row],[Nilai2]]=""),"",IF(AF1158>89,"Sangat baik",IF(AF1158>79,"Baik",IF(AF1158>69,"Cukup",IF(AF1158>59,"Kurang","Sangat kurang"))))) | AJ1158: =IF(AF1158="","",CONCATENATE("Wk.",WEEKNUM(F1158,2))) -> Wk.4 | AK1158: =IF(pub_gid_0_single_true_output_csv[[#This Row],[Nilai2]]="","",VLOOKUP(pub_gid_0_single_true_output_csv[[#This Row],[NAMA]],Table7[],3,FALSE)) -> High average
A1159: 1158 | B1159: 242510008 | C1159: 11A | D1159: Lince Tigi | E1159: Dogiyai | F1159: 46043 | G1159: 21 | H1159: Jan | I1159: 26 | J1159: Karakter | K1159: Mandiri | L1159: Mengerjakan setiap tugas dan kewajiban di sekolah | M1159: Real | N1159: Entrepreneur | O1159: Product development | P1159: Pengolahan Kopi atau Tepung | Q1159: Product development | R1159: Produksi berkelanjutan | S1159: F11.01.01 | T1159: 1 | U1159: menganalisis kelas sosial dalam Masyarakat | V1159: 01.01 | W1159: Konsep kelas sosial dalam sejarah manusia | X1159: K11 | Y1159: F | Z1159: 65 | AA1159: 80 | AB1159: Tuntas | AC1159: Sejarah | AD1159: Bonafasia Jaju, S. Pd., Gr. | AE1159: =IF(AF1159="","",VLOOKUP(AC1159,mapel!$A$2:$B$42,2,FALSE)) -> Sejarah | AF1159: =IF(AA1159=0, "",IF(AA1159 = 0.1, 0,AA1159)) -> 80 | AG1159: =IF(AF1159="","",IF(AF1159>90,"Sangat baik",IF(AF1159>79,"Baik",IF(AF1159>=pub_gid_0_single_true_output_csv[[#This Row],[KKM]],"Cukup","Kurang")))) -> Baik | AH1159: =IF(AG1159="","",VALUE(RIGHT(X1159,2))) -> 11 | AI1159: =IF(OR(J1159<>"Karakter",pub_gid_0_single_true_output_csv[[#This Row],[Nilai2]]=""),"",IF(AF1159>89,"Sangat baik",IF(AF1159>79,"Baik",IF(AF1159>69,"Cukup",IF(AF1159>59,"Kurang","Sangat kurang"))))) -> Baik | AJ1159: =IF(AF1159="","",CONCATENATE("Wk.",WEEKNUM(F1159,2))) -> Wk.4 | AK1159: =IF(pub_gid_0_single_true_output_csv[[#This Row],[Nilai2]]="","",VLOOKUP(pub_gid_0_single_true_output_csv[[#This Row],[NAMA]],Table7[],3,FALSE)) -> High average
A1160: 1159 | B1160: 242510008 | C1160: 11A | D1160: Lince Tigi | E1160: Dogiyai | F1160: 46043 | G1160: 21 | H1160: Jan | I1160: 26 | J1160: Minat | K1160: Fokus, aktif berpartisipasi dan bertanya atau menanggapi | L1160: Observ | M1160: Real | N1160: Entrepreneur | O1160: Product development | P1160: Pengolahan Kopi atau Tepung | Q1160: Product development | R1160: Produksi berkelanjutan | S1160: F11.02.01 | T1160: 2 | V1160: 02.01 | W1160: Bentuk dampak Lingkungan | X1160: K11 | Y1160: F | Z1160: 65 | AA1160: 70 | AB1160: Tuntas | AC1160: Sejarah | AD1160: Bonafasia Jaju, S. Pd., Gr. | AE1160: =IF(AF1160="","",VLOOKUP(AC1160,mapel!$A$2:$B$42,2,FALSE)) -> Sejarah | AF1160: =IF(AA1160=0, "",IF(AA1160 = 0.1, 0,AA1160)) -> 70 | AG1160: =IF(AF1160="","",IF(AF1160>90,"Sangat baik",IF(AF1160>79,"Baik",IF(AF1160>=pub_gid_0_single_true_output_csv[[#This Row],[KKM]],"Cukup","Kurang")))) -> Cukup | AH1160: =IF(AG1160="","",VALUE(RIGHT(X1160,2))) -> 11 | AI1160: =IF(OR(J1160<>"Karakter",pub_gid_0_single_true_output_csv[[#This Row],[Nilai2]]=""),"",IF(AF1160>89,"Sangat baik",IF(AF1160>79,"Baik",IF(AF1160>69,"Cukup",IF(AF1160>59,"Kurang","Sangat kurang"))))) | AJ1160: =IF(AF1160="","",CONCATENATE("Wk.",WEEKNUM(F1160,2))) -> Wk.4 | AK1160: =IF(pub_gid_0_single_true_output_csv[[#This Row],[Nilai2]]="","",VLOOKUP(pub_gid_0_single_true_output_csv[[#This Row],[NAMA]],Table7[],3,FALSE)) -> High average
A1161: 1160 | B1161: 242510008 | C1161: 11A | D1161: Lince Tigi | E1161: Dogiyai | F1161: 46050 | G1161: 28 | H1161: Jan | I1161: 26 | J1161: Teori | K1161: Kognitif Formatif | L1161: Penugasan | M1161: Real | N1161: Entrepreneur | O1161: Product development | P1161: Pengolahan Kopi atau Tepung | Q1161: Product development | R1161: Produksi berkelanjutan | S1161: F11.02.01 | T1161: 2 | V1161: 02.01 | W1161: Bentuk dampak Lingkungan | X1161: K11 | Y1161: F | Z1161: 65 | AA1161: 80 | AB1161: Tuntas | AC1161: Sejarah | AD1161: Bonafasia Jaju, S. Pd., Gr. | AE1161: =IF(AF1161="","",VLOOKUP(AC1161,mapel!$A$2:$B$42,2,FALSE)) -> Sejarah | AF1161: =IF(AA1161=0, "",IF(AA1161 = 0.1, 0,AA1161)) -> 80 | AG1161: =IF(AF1161="","",IF(AF1161>90,"Sangat baik",IF(AF1161>79,"Baik",IF(AF1161>=pub_gid_0_single_true_output_csv[[#This Row],[KKM]],"Cukup","Kurang")))) -> Baik | AH1161: =IF(AG1161="","",VALUE(RIGHT(X1161,2))) -> 11 | AI1161: =IF(OR(J1161<>"Karakter",pub_gid_0_single_true_output_csv[[#This Row],[Nilai2]]=""),"",IF(AF1161>89,"Sangat baik",IF(AF1161>79,"Baik",IF(AF1161>69,"Cukup",IF(AF1161>59,"Kurang","Sangat kurang"))))) | AJ1161: =IF(AF1161="","",CONCATENATE("Wk.",WEEKNUM(F1161,2))) -> Wk.5 | AK1161: =IF(pub_gid_0_single_true_output_csv[[#This Row],[Nilai2]]="","",VLOOKUP(pub_gid_0_single_true_output_csv[[#This Row],[NAMA]],Table7[],3,FALSE)) -> High average
A1162: 1161 | B1162: 242510008 | C1162: 11A | D1162: Lince Tigi | E1162: Dogiyai | F1162: 46050 | G1162: 28 | H1162: Jan | I1162: 26 | J1162: Nalar | K1162: Evaluasi | L1162: Penugasan | M1162: Real | N1162: Entrepreneur | O1162: Product development | P1162: Pengolahan Kopi atau Tepung | Q1162: Product development | R1162: Produksi berkelanjutan | S1162: F11.02.01 | T1162: 2 | V1162: 02.01 | W1162: Bentuk dampak Lingkungan | X1162: K11 | Y1162: F | Z1162: 65 | AA1162: 75 | AB1162: Tuntas | AC1162: Sejarah | AD1162: Bonafasia Jaju, S. Pd., Gr. | AE1162: =IF(AF1162="","",VLOOKUP(AC1162,mapel!$A$2:$B$42,2,FALSE)) -> Sejarah | AF1162: =IF(AA1162=0, "",IF(AA1162 = 0.1, 0,AA1162)) -> 75 | AG1162: =IF(AF1162="","",IF(AF1162>90,"Sangat baik",IF(AF1162>79,"Baik",IF(AF1162>=pub_gid_0_single_true_output_csv[[#This Row],[KKM]],"Cukup","Kurang")))) -> Cukup | AH1162: =IF(AG1162="","",VALUE(RIGHT(X1162,2))) -> 11 | AI1162: =IF(OR(J1162<>"Karakter",pub_gid_0_single_true_output_csv[[#This Row],[Nilai2]]=""),"",IF(AF1162>89,"Sangat baik",IF(AF1162>79,"Baik",IF(AF1162>69,"Cukup",IF(AF1162>59,"Kurang","Sangat kurang"))))) | AJ1162: =IF(AF1162="","",CONCATENATE("Wk.",WEEKNUM(F1162,2))) -> Wk.5 | AK1162: =IF(pub_gid_0_single_true_output_csv[[#This Row],[Nilai2]]="","",VLOOKUP(pub_gid_0_single_true_output_csv[[#This Row],[NAMA]],Table7[],3,FALSE)) -> High average
A1163: 1162 | B1163: 242510008 | C1163: 11A | D1163: Lince Tigi | E1163: Dogiyai | F1163: 46050 | G1163: 28 | H1163: Jan | I1163: 26 | J1163: Karakter | K1163: Mandiri | L1163: Pantang menyerah dalam belajar dan mengerjakan tugas | M1163: Real | N1163: Entrepreneur | O1163: Product development | P1163: Pengolahan Kopi atau Tepung | Q1163: Product development | R1163: Produksi berkelanjutan | S1163: F11.02.01 | T1163: 2 | V1163: 02.01 | W1163: Bentuk dampak Lingkungan | X1163: K11 | Y1163: F | Z1163: 65 | AA1163: 80 | AB1163: Tuntas | AC1163: Sejarah | AD1163: Bonafasia Jaju, S. Pd., Gr. | AE1163: =IF(AF1163="","",VLOOKUP(AC1163,mapel!$A$2:$B$42,2,FALSE)) -> Sejarah | AF1163: =IF(AA1163=0, "",IF(AA1163 = 0.1, 0,AA1163)) -> 80 | AG1163: =IF(AF1163="","",IF(AF1163>90,"Sangat baik",IF(AF1163>79,"Baik",IF(AF1163>=pub_gid_0_single_true_output_csv[[#This Row],[KKM]],"Cukup","Kurang")))) -> Baik | AH1163: =IF(AG1163="","",VALUE(RIGHT(X1163,2))) -> 11 | AI1163: =IF(OR(J1163<>"Karakter",pub_gid_0_single_true_output_csv[[#This Row],[Nilai2]]=""),"",IF(AF1163>89,"Sangat baik",IF(AF1163>79,"Baik",IF(AF1163>69,"Cukup",IF(AF1163>59,"Kurang","Sangat kurang"))))) -> Baik | AJ1163: =IF(AF1163="","",CONCATENATE("Wk.",WEEKNUM(F1163,2))) -> Wk.5 | AK1163: =IF(pub_gid_0_single_true_output_csv[[#This Row],[Nilai2]]="","",VLOOKUP(pub_gid_0_single_true_output_csv[[#This Row],[NAMA]],Table7[],3,FALSE)) -> High average
A1164: 1163 | B1164: 242510008 | C1164: 11A | D1164: Lince Tigi | E1164: Dogiyai | F1164: 46050 | G1164: 28 | H1164: Jan | I1164: 26 | J1164: Minat | K1164: Fokus, aktif berpartisipasi dan bertanya atau menanggapi | L1164: Observ | M1164: Real | N1164: Entrepreneur | O1164: Product development | P1164: Pengolahan Kopi atau Tepung | Q1164: Product development | R1164: Produksi berkelanjutan | S1164: F11.02.01 | T1164: 2 | V1164: 02.01 | W1164: Bentuk dampak Lingkungan | X1164: K11 | Y1164: F | Z1164: 65 | AA1164: 75 | AB1164: Tuntas | AC1164: Sejarah | AD1164: Bonafasia Jaju, S. Pd., Gr. | AE1164: =IF(AF1164="","",VLOOKUP(AC1164,mapel!$A$2:$B$42,2,FALSE)) -> Sejarah | AF1164: =IF(AA1164=0, "",IF(AA1164 = 0.1, 0,AA1164)) -> 75 | AG1164: =IF(AF1164="","",IF(AF1164>90,"Sangat baik",IF(AF1164>79,"Baik",IF(AF1164>=pub_gid_0_single_true_output_csv[[#This Row],[KKM]],"Cukup","Kurang")))) -> Cukup | AH1164: =IF(AG1164="","",VALUE(RIGHT(X1164,2))) -> 11 | AI1164: =IF(OR(J1164<>"Karakter",pub_gid_0_single_true_output_csv[[#This Row],[Nilai2]]=""),"",IF(AF1164>89,"Sangat baik",IF(AF1164>79,"Baik",IF(AF1164>69,"Cukup",IF(AF1164>59,"Kurang","Sangat kurang"))))) | AJ1164: =IF(AF1164="","",CONCATENATE("Wk.",WEEKNUM(F1164,2))) -> Wk.5 | AK1164: =IF(pub_gid_0_single_true_output_csv[[#This Row],[Nilai2]]="","",VLOOKUP(pub_gid_0_single_true_output_csv[[#This Row],[NAMA]],Table7[],3,FALSE)) -> High average
A1165: 1164 | B1165: 242510008 | C1165: 11A | D1165: Lince Tigi | E1165: Dogiyai | F1165: 46057 | G1165: 04 | H1165: Feb | I1165: 26 | J1165: Teori | K1165: Kognitif Formatif | L1165: Penugasan | M1165: Real | N1165: Entrepreneur | O1165: Product development | P1165: Pengolahan Kopi atau Tepung | Q1165: Product development | R1165: Produksi berkelanjutan | S1165: F11.02.01 | T1165: 2 | V1165: 02.01 | W1165: Bentuk dampak Lingkungan | X1165: K11 | Y1165: F | Z1165: 65 | AA1165: 75 | AB1165: Tuntas | AC1165: Sejarah | AD1165: Bonafasia Jaju, S. Pd., Gr. | AE1165: =IF(AF1165="","",VLOOKUP(AC1165,mapel!$A$2:$B$42,2,FALSE)) -> Sejarah | AF1165: =IF(AA1165=0, "",IF(AA1165 = 0.1, 0,AA1165)) -> 75 | AG1165: =IF(AF1165="","",IF(AF1165>90,"Sangat baik",IF(AF1165>79,"Baik",IF(AF1165>=pub_gid_0_single_true_output_csv[[#This Row],[KKM]],"Cukup","Kurang")))) -> Cukup | AH1165: =IF(AG1165="","",VALUE(RIGHT(X1165,2))) -> 11 | AI1165: =IF(OR(J1165<>"Karakter",pub_gid_0_single_true_output_csv[[#This Row],[Nilai2]]=""),"",IF(AF1165>89,"Sangat baik",IF(AF1165>79,"Baik",IF(AF1165>69,"Cukup",IF(AF1165>59,"Kurang","Sangat kurang"))))) | AJ1165: =IF(AF1165="","",CONCATENATE("Wk.",WEEKNUM(F1165,2))) -> Wk.6 | AK1165: =IF(pub_gid_0_single_true_output_csv[[#This Row],[Nilai2]]="","",VLOOKUP(pub_gid_0_single_true_output_csv[[#This Row],[NAMA]],Table7[],3,FALSE)) -> High average
A1166: 1165 | B1166: 242510008 | C1166: 11A | D1166: Lince Tigi | E1166: Dogiyai | F1166: 46057 | G1166: 04 | H1166: Feb | I1166: 26 | J1166: Nalar | K1166: Evaluasi | L1166: Penugasan | M1166: Real | N1166: Entrepreneur | O1166: Product development | P1166: Pengolahan Kopi atau Tepung | Q1166: Product development | R1166: Produksi berkelanjutan | S1166: F11.02.01 | T1166: 2 | V1166: 02.01 | W1166: Bentuk dampak Lingkungan | X1166: K11 | Y1166: F | Z1166: 65 | AA1166: 80 | AB1166: Tuntas | AC1166: Sejarah | AD1166: Bonafasia Jaju, S. Pd., Gr. | AE1166: =IF(AF1166="","",VLOOKUP(AC1166,mapel!$A$2:$B$42,2,FALSE)) -> Sejarah | AF1166: =IF(AA1166=0, "",IF(AA1166 = 0.1, 0,AA1166)) -> 80 | AG1166: =IF(AF1166="","",IF(AF1166>90,"Sangat baik",IF(AF1166>79,"Baik",IF(AF1166>=pub_gid_0_single_true_output_csv[[#This Row],[KKM]],"Cukup","Kurang")))) -> Baik | AH1166: =IF(AG1166="","",VALUE(RIGHT(X1166,2))) -> 11 | AI1166: =IF(OR(J1166<>"Karakter",pub_gid_0_single_true_output_csv[[#This Row],[Nilai2]]=""),"",IF(AF1166>89,"Sangat baik",IF(AF1166>79,"Baik",IF(AF1166>69,"Cukup",IF(AF1166>59,"Kurang","Sangat kurang"))))) | AJ1166: =IF(AF1166="","",CONCATENATE("Wk.",WEEKNUM(F1166,2))) -> Wk.6 | AK1166: =IF(pub_gid_0_single_true_output_csv[[#This Row],[Nilai2]]="","",VLOOKUP(pub_gid_0_single_true_output_csv[[#This Row],[NAMA]],Table7[],3,FALSE)) -> High average
A1167: 1166 | B1167: 242510008 | C1167: 11A | D1167: Lince Tigi | E1167: Dogiyai | F1167: 46057 | G1167: 04 | H1167: Feb | I1167: 26 | J1167: Karakter | K1167: Mandiri | L1167: Mengerjakan setiap tugas dan kewajiban di sekolah | M1167: Real | N1167: Entrepreneur | O1167: Product development | P1167: Pengolahan Kopi atau Tepung | Q1167: Product development | R1167: Produksi berkelanjutan | S1167: F11.02.01 | T1167: 2 | V1167: 02.01 | W1167: Bentuk dampak Lingkungan | X1167: K11 | Y1167: F | Z1167: 65 | AA1167: 70 | AB1167: Tuntas | AC1167: Sejarah | AD1167: Bonafasia Jaju, S. Pd., Gr. | AE1167: =IF(AF1167="","",VLOOKUP(AC1167,mapel!$A$2:$B$42,2,FALSE)) -> Sejarah | AF1167: =IF(AA1167=0, "",IF(AA1167 = 0.1, 0,AA1167)) -> 70 | AG1167: =IF(AF1167="","",IF(AF1167>90,"Sangat baik",IF(AF1167>79,"Baik",IF(AF1167>=pub_gid_0_single_true_output_csv[[#This Row],[KKM]],"Cukup","Kurang")))) -> Cukup | AH1167: =IF(AG1167="","",VALUE(RIGHT(X1167,2))) -> 11 | AI1167: =IF(OR(J1167<>"Karakter",pub_gid_0_single_true_output_csv[[#This Row],[Nilai2]]=""),"",IF(AF1167>89,"Sangat baik",IF(AF1167>79,"Baik",IF(AF1167>69,"Cukup",IF(AF1167>59,"Kurang","Sangat kurang"))))) -> Cukup | AJ1167: =IF(AF1167="","",CONCATENATE("Wk.",WEEKNUM(F1167,2))) -> Wk.6 | AK1167: =IF(pub_gid_0_single_true_output_csv[[#This Row],[Nilai2]]="","",VLOOKUP(pub_gid_0_single_true_output_csv[[#This Row],[NAMA]],Table7[],3,FALSE)) -> High average
A1168: 1167 | B1168: 242510008 | C1168: 11A | D1168: Lince Tigi | E1168: Dogiyai | F1168: 46057 | G1168: 04 | H1168: Feb | I1168: 26 | J1168: Minat | K1168: Fokus, aktif berpartisipasi dan bertanya atau menanggapi | L1168: Observ | M1168: Real | N1168: Entrepreneur | O1168: Product development | P1168: Pengolahan Kopi atau Tepung | Q1168: Product development | R1168: Produksi berkelanjutan | S1168: F11.02.01 | T1168: 2 | V1168: 02.01 | W1168: Bentuk dampak Lingkungan | X1168: K11 | Y1168: F | Z1168: 65 | AA1168: 65 | AB1168: Tuntas | AC1168: Sejarah | AD1168: Bonafasia Jaju, S. Pd., Gr. | AE1168: =IF(AF1168="","",VLOOKUP(AC1168,mapel!$A$2:$B$42,2,FALSE)) -> Sejarah | AF1168: =IF(AA1168=0, "",IF(AA1168 = 0.1, 0,AA1168)) -> 65 | AG1168: =IF(AF1168="","",IF(AF1168>90,"Sangat baik",IF(AF1168>79,"Baik",IF(AF1168>=pub_gid_0_single_true_output_csv[[#This Row],[KKM]],"Cukup","Kurang")))) -> Cukup | AH1168: =IF(AG1168="","",VALUE(RIGHT(X1168,2))) -> 11 | AI1168: =IF(OR(J1168<>"Karakter",pub_gid_0_single_true_output_csv[[#This Row],[Nilai2]]=""),"",IF(AF1168>89,"Sangat baik",IF(AF1168>79,"Baik",IF(AF1168>69,"Cukup",IF(AF1168>59,"Kurang","Sangat kurang"))))) | AJ1168: =IF(AF1168="","",CONCATENATE("Wk.",WEEKNUM(F1168,2))) -> Wk.6 | AK1168: =IF(pub_gid_0_single_true_output_csv[[#This Row],[Nilai2]]="","",VLOOKUP(pub_gid_0_single_true_output_csv[[#This Row],[NAMA]],Table7[],3,FALSE)) -> High average
A1169: 1168 | B1169: 242510008 | C1169: 11A | D1169: Lince Tigi | E1169: Dogiyai | F1169: 46064 | G1169: 11 | H1169: Feb | I1169: 26 | J1169: Teori | K1169: Kognitif Formatif | L1169: Penugasan | M1169: Real | N1169: Entrepreneur | O1169: Product development | P1169: Pengolahan Kopi atau Tepung | Q1169: Product development | R1169: Produksi berkelanjutan | S1169: F11.03.01 | T1169: 3 | V1169: 03.01 | W1169: Prilaku Sosial | X1169: K11 | Y1169: F | Z1169: 65 | AA1169: 75 | AB1169: Tuntas | AC1169: Sejarah | AD1169: Bonafasia Jaju, S. Pd., Gr. | AE1169: =IF(AF1169="","",VLOOKUP(AC1169,mapel!$A$2:$B$42,2,FALSE)) -> Sejarah | AF1169: =IF(AA1169=0, "",IF(AA1169 = 0.1, 0,AA1169)) -> 75 | AG1169: =IF(AF1169="","",IF(AF1169>90,"Sangat baik",IF(AF1169>79,"Baik",IF(AF1169>=pub_gid_0_single_true_output_csv[[#This Row],[KKM]],"Cukup","Kurang")))) -> Cukup | AH1169: =IF(AG1169="","",VALUE(RIGHT(X1169,2))) -> 11 | AI1169: =IF(OR(J1169<>"Karakter",pub_gid_0_single_true_output_csv[[#This Row],[Nilai2]]=""),"",IF(AF1169>89,"Sangat baik",IF(AF1169>79,"Baik",IF(AF1169>69,"Cukup",IF(AF1169>59,"Kurang","Sangat kurang"))))) | AJ1169: =IF(AF1169="","",CONCATENATE("Wk.",WEEKNUM(F1169,2))) -> Wk.7 | AK1169: =IF(pub_gid_0_single_true_output_csv[[#This Row],[Nilai2]]="","",VLOOKUP(pub_gid_0_single_true_output_csv[[#This Row],[NAMA]],Table7[],3,FALSE)) -> High average
A1170: 1169 | B1170: 242510008 | C1170: 11A | D1170: Lince Tigi | E1170: Dogiyai | F1170: 46064 | G1170: 11 | H1170: Feb | I1170: 26 | J1170: Nalar | K1170: Evaluasi | L1170: Penugasan | M1170: Real | N1170: Entrepreneur | O1170: Product development | P1170: Pengolahan Kopi atau Tepung | Q1170: Product development | R1170: Produksi berkelanjutan | S1170: F11.03.01 | T1170: 3 | V1170: 03.01 | W1170: Prilaku Sosial | X1170: K11 | Y1170: F | Z1170: 65 | AA1170: 70 | AB1170: Tuntas | AC1170: Sejarah | AD1170: Bonafasia Jaju, S. Pd., Gr. | AE1170: =IF(AF1170="","",VLOOKUP(AC1170,mapel!$A$2:$B$42,2,FALSE)) -> Sejarah | AF1170: =IF(AA1170=0, "",IF(AA1170 = 0.1, 0,AA1170)) -> 70 | AG1170: =IF(AF1170="","",IF(AF1170>90,"Sangat baik",IF(AF1170>79,"Baik",IF(AF1170>=pub_gid_0_single_true_output_csv[[#This Row],[KKM]],"Cukup","Kurang")))) -> Cukup | AH1170: =IF(AG1170="","",VALUE(RIGHT(X1170,2))) -> 11 | AI1170: =IF(OR(J1170<>"Karakter",pub_gid_0_single_true_output_csv[[#This Row],[Nilai2]]=""),"",IF(AF1170>89,"Sangat baik",IF(AF1170>79,"Baik",IF(AF1170>69,"Cukup",IF(AF1170>59,"Kurang","Sangat kurang"))))) | AJ1170: =IF(AF1170="","",CONCATENATE("Wk.",WEEKNUM(F1170,2))) -> Wk.7 | AK1170: =IF(pub_gid_0_single_true_output_csv[[#This Row],[Nilai2]]="","",VLOOKUP(pub_gid_0_single_true_output_csv[[#This Row],[NAMA]],Table7[],3,FALSE)) -> High average
A1171: 1170 | B1171: 242510008 | C1171: 11A | D1171: Lince Tigi | E1171: Dogiyai | F1171: 46064 | G1171: 11 | H1171: Feb | I1171: 26 | J1171: Karakter | K1171: Mandiri | L1171: Mengerjakan setiap tugas dan kewajiban di sekolah | M1171: Real | N1171: Entrepreneur | O1171: Product development | P1171: Pengolahan Kopi atau Tepung | Q1171: Product development | R1171: Produksi berkelanjutan | S1171: F11.03.01 | T1171: 3 | V1171: 03.01 | W1171: Prilaku Sosial | X1171: K11 | Y1171: F | Z1171: 65 | AA1171: 75 | AB1171: Tuntas | AC1171: Sejarah | AD1171: Bonafasia Jaju, S. Pd., Gr. | AE1171: =IF(AF1171="","",VLOOKUP(AC1171,mapel!$A$2:$B$42,2,FALSE)) -> Sejarah | AF1171: =IF(AA1171=0, "",IF(AA1171 = 0.1, 0,AA1171)) -> 75 | AG1171: =IF(AF1171="","",IF(AF1171>90,"Sangat baik",IF(AF1171>79,"Baik",IF(AF1171>=pub_gid_0_single_true_output_csv[[#This Row],[KKM]],"Cukup","Kurang")))) -> Cukup | AH1171: =IF(AG1171="","",VALUE(RIGHT(X1171,2))) -> 11 | AI1171: =IF(OR(J1171<>"Karakter",pub_gid_0_single_true_output_csv[[#This Row],[Nilai2]]=""),"",IF(AF1171>89,"Sangat baik",IF(AF1171>79,"Baik",IF(AF1171>69,"Cukup",IF(AF1171>59,"Kurang","Sangat kurang"))))) -> Cukup | AJ1171: =IF(AF1171="","",CONCATENATE("Wk.",WEEKNUM(F1171,2))) -> Wk.7 | AK1171: =IF(pub_gid_0_single_true_output_csv[[#This Row],[Nilai2]]="","",VLOOKUP(pub_gid_0_single_true_output_csv[[#This Row],[NAMA]],Table7[],3,FALSE)) -> High average
A1172: 1171 | B1172: 242510008 | C1172: 11A | D1172: Lince Tigi | E1172: Dogiyai | F1172: 46064 | G1172: 11 | H1172: Feb | I1172: 26 | J1172: Minat | K1172: Fokus, aktif berpartisipasi dan bertanya atau menanggapi | L1172: Observ | M1172: Real | N1172: Entrepreneur | O1172: Product development | P1172: Pengolahan Kopi atau Tepung | Q1172: Product development | R1172: Produksi berkelanjutan | S1172: F11.03.01 | T1172: 3 | V1172: 03.01 | W1172: Prilaku Sosial | X1172: K11 | Y1172: F | Z1172: 65 | AA1172: 70 | AB1172: Tuntas | AC1172: Sejarah | AD1172: Bonafasia Jaju, S. Pd., Gr. | AE1172: =IF(AF1172="","",VLOOKUP(AC1172,mapel!$A$2:$B$42,2,FALSE)) -> Sejarah | AF1172: =IF(AA1172=0, "",IF(AA1172 = 0.1, 0,AA1172)) -> 70 | AG1172: =IF(AF1172="","",IF(AF1172>90,"Sangat baik",IF(AF1172>79,"Baik",IF(AF1172>=pub_gid_0_single_true_output_csv[[#This Row],[KKM]],"Cukup","Kurang")))) -> Cukup | AH1172: =IF(AG1172="","",VALUE(RIGHT(X1172,2))) -> 11 | AI1172: =IF(OR(J1172<>"Karakter",pub_gid_0_single_true_output_csv[[#This Row],[Nilai2]]=""),"",IF(AF1172>89,"Sangat baik",IF(AF1172>79,"Baik",IF(AF1172>69,"Cukup",IF(AF1172>59,"Kurang","Sangat kurang"))))) | AJ1172: =IF(AF1172="","",CONCATENATE("Wk.",WEEKNUM(F1172,2))) -> Wk.7 | AK1172: =IF(pub_gid_0_single_true_output_csv[[#This Row],[Nilai2]]="","",VLOOKUP(pub_gid_0_single_true_output_csv[[#This Row],[NAMA]],Table7[],3,FALSE)) -> High average
...

Sheet dt stnk
A1: Mapel TDU | B1: (Multiple Items) | Q1: KATEGORI PENILAIAN | R1: Teori
A3: Average of Nilai2 | Q3: Average of Nilai2
A4: KELAS | B4: KATEGORI PENILAIAN | C4: Month | D4: Wk# | E4: Total | I4: Helper | J4: KELAS | K4: KATEGORI PENILAIAN | L4: Month | M4: Wk# | N4: Nilai | Q4: KELAS | R4: Mapel TDU | S4: Month | T4: Wk# | U4: Total | X4: Helper | Y4: KELAS | Z4: KATEGORI PENILAIAN | AA4: Month | AB4: Wk# | AC4: Nilai | AF4: KELAS | AG4: Mapel TDU | AH4: Month | AI4: Wk# | AJ4: Helper | AK4: Nilai
A5: 11A | B5: Minat | C5: Jan | D5: Wk.3 | E5: 70.264706 | I5: =J5&K5&M5 -> 11AMinatWk.3 | J5: =IF(A5="","",A5) -> 11A | K5: =IF(B5="","",B5) -> Minat | L5: =IF(C5="","",C5) -> Jan | M5: =IF(D5="","",D5) -> Wk.3 | N5: =IF(E5="","",E5) -> 70.264706 | Q5: 11A | R5: B.Indo | S5: Jan | T5: Wk.3 | U5: 48.090909 | X5: =Y5&Z5&AB5 -> 11AB.IndoWk.3 | Y5: =IF(Q5="","",Q5) -> 11A | Z5: =IF(R5="","",R5) -> B.Indo | AA5: =IF(S5="","",S5) -> Jan | AB5: =IF(T5="","",T5) -> Wk.3 | AC5: =IF(U5="","",U5) -> 48.090909 | AF5: 11A | AG5: Skill | AH5: =IF(Table4[[#This Row],[Nilai]]="","",VLOOKUP(Table4[[#This Row],[Helper]],$I$5:$L$380,4,FALSE)) -> Jan | AI5: Wk.2 | AJ5: =AF5&AG5&AI5 -> 11ASkillWk.2 | AK5: =IFERROR(VLOOKUP(AJ5,$I$5:$N$380,6,),"") -> 67.555556
A6: 11A | B6: Minat | C6: Jan | D6: Wk.4 | E6: 69.545455 | I6: =J6&K6&M6 -> 11AMinatWk.4 | J6: =IF(A6="","",A6) -> 11A | K6: =IF(B6="","",B6) -> Minat | L6: =IF(C6="","",C6) -> Jan | M6: =IF(D6="","",D6) -> Wk.4 | N6: =IF(E6="","",E6) -> 69.545455 | Q6: 11A | R6: B.Indo | S6: Jan | T6: Wk.4 | U6: 71.818182 | X6: =Y6&Z6&AB6 -> 11AB.IndoWk.4 | Y6: =IF(Q6="","",Q6) -> 11A | Z6: =IF(R6="","",R6) -> B.Indo | AA6: =IF(S6="","",S6) -> Jan | AB6: =IF(T6="","",T6) -> Wk.4 | AC6: =IF(U6="","",U6) -> 71.818182 | AF6: 11A | AG6: Skill | AH6: =IF(Table4[[#This Row],[Nilai]]="","",VLOOKUP(Table4[[#This Row],[Helper]],$I$5:$L$380,4,FALSE)) -> Jan | AI6: Wk.3 | AJ6: =AF6&AG6&AI6 -> 11ASkillWk.3 | AK6: =IFERROR(VLOOKUP(AJ6,$I$5:$N$380,6,),"") -> 90
A7: 11A | B7: Minat | C7: Jan | D7: Wk.5 | E7: 69.727273 | I7: =J7&K7&M7 -> 11AMinatWk.5 | J7: =IF(A7="","",A7) -> 11A | K7: =IF(B7="","",B7) -> Minat | L7: =IF(C7="","",C7) -> Jan | M7: =IF(D7="","",D7) -> Wk.5 | N7: =IF(E7="","",E7) -> 69.727273 | Q7: 11A | R7: B.Indo | S7: Jan | T7: Wk.5 | U7: 66.636364 | X7: =Y7&Z7&AB7 -> 11AB.IndoWk.5 | Y7: =IF(Q7="","",Q7) -> 11A | Z7: =IF(R7="","",R7) -> B.Indo | AA7: =IF(S7="","",S7) -> Jan | AB7: =IF(T7="","",T7) -> Wk.5 | AC7: =IF(U7="","",U7) -> 66.636364 | AF7: 11A | AG7: Skill | AH7: =IF(Table4[[#This Row],[Nilai]]="","",VLOOKUP(Table4[[#This Row],[Helper]],$I$5:$L$380,4,FALSE)) -> Jan | AI7: Wk.4 | AJ7: =AF7&AG7&AI7 -> 11ASkillWk.4 | AK7: =IFERROR(VLOOKUP(AJ7,$I$5:$N$380,6,),"") -> 55.333333
A8: 11A | B8: Minat | C8: Feb | D8: Wk.6 | E8: 70.411765 | I8: =J8&K8&M8 -> 11AMinatWk.6 | J8: =IF(A8="","",A8) -> 11A | K8: =IF(B8="","",B8) -> Minat | L8: =IF(C8="","",C8) -> Feb | M8: =IF(D8="","",D8) -> Wk.6 | N8: =IF(E8="","",E8) -> 70.411765 | Q8: 11A | R8: B.Indo | S8: Feb | T8: Wk.6 | U8: 68.363636 | X8: =Y8&Z8&AB8 -> 11AB.IndoWk.6 | Y8: =IF(Q8="","",Q8) -> 11A | Z8: =IF(R8="","",R8) -> B.Indo | AA8: =IF(S8="","",S8) -> Feb | AB8: =IF(T8="","",T8) -> Wk.6 | AC8: =IF(U8="","",U8) -> 68.363636 | AF8: 11A | AG8: Skill | AH8: =IF(Table4[[#This Row],[Nilai]]="","",VLOOKUP(Table4[[#This Row],[Helper]],$I$5:$L$380,4,FALSE)) -> Jan | AI8: Wk.5 | AJ8: =AF8&AG8&AI8 -> 11ASkillWk.5 | AK8: =IFERROR(VLOOKUP(AJ8,$I$5:$N$380,6,),"") -> 71.190476
A9: 11A | B9: Minat | C9: Feb | D9: Wk.7 | E9: 69 | I9: =J9&K9&M9 -> 11AMinatWk.7 | J9: =IF(A9="","",A9) -> 11A | K9: =IF(B9="","",B9) -> Minat | L9: =IF(C9="","",C9) -> Feb | M9: =IF(D9="","",D9) -> Wk.7 | N9: =IF(E9="","",E9) -> 69 | Q9: 11A | R9: B.Indo | S9: Feb | T9: Wk.7 | U9: 66.636364 | X9: =Y9&Z9&AB9 -> 11AB.IndoWk.7 | Y9: =IF(Q9="","",Q9) -> 11A | Z9: =IF(R9="","",R9) -> B.Indo | AA9: =IF(S9="","",S9) -> Feb | AB9: =IF(T9="","",T9) -> Wk.7 | AC9: =IF(U9="","",U9) -> 66.636364 | AF9: 11A | AG9: Skill | AH9: =IF(Table4[[#This Row],[Nilai]]="","",VLOOKUP(Table4[[#This Row],[Helper]],$I$5:$L$380,4,FALSE)) -> Feb | AI9: Wk.6 | AJ9: =AF9&AG9&AI9 -> 11ASkillWk.6 | AK9: =IFERROR(VLOOKUP(AJ9,$I$5:$N$380,6,),"") -> 74.06383
A10: 11A | B10: Minat | C10: Feb | D10: Wk.8 | E10: 72.545455 | I10: =J10&K10&M10 -> 11AMinatWk.8 | J10: =IF(A10="","",A10) -> 11A | K10: =IF(B10="","",B10) -> Minat | L10: =IF(C10="","",C10) -> Feb | M10: =IF(D10="","",D10) -> Wk.8 | N10: =IF(E10="","",E10) -> 72.545455 | Q10: 11A | R10: B.Indo | S10: Feb | T10: Wk.8 | U10: 68.545455 | X10: =Y10&Z10&AB10 -> 11AB.IndoWk.8 | Y10: =IF(Q10="","",Q10) -> 11A | Z10: =IF(R10="","",R10) -> B.Indo | AA10: =IF(S10="","",S10) -> Feb | AB10: =IF(T10="","",T10) -> Wk.8 | AC10: =IF(U10="","",U10) -> 68.545455 | AF10: 11A | AG10: Skill | AH10: =IF(Table4[[#This Row],[Nilai]]="","",VLOOKUP(Table4[[#This Row],[Helper]],$I$5:$L$380,4,FALSE)) -> Feb | AI10: Wk.7 | AJ10: =AF10&AG10&AI10 -> 11ASkillWk.7 | AK10: =IFERROR(VLOOKUP(AJ10,$I$5:$N$380,6,),"") -> 66.659091
A11: 11A | B11: Karakter | C11: Jan | D11: Wk.2 | E11: 71.25 | I11: =J11&K11&M11 -> 11AKarakterWk.2 | J11: =IF(A11="","",A11) -> 11A | K11: =IF(B11="","",B11) -> Karakter | L11: =IF(C11="","",C11) -> Jan | M11: =IF(D11="","",D11) -> Wk.2 | N11: =IF(E11="","",E11) -> 71.25 | Q11: 11A | R11: Math | S11: Jan | T11: Wk.3 | U11: 69.052632 | X11: =Y11&Z11&AB11 -> 11AMathWk.3 | Y11: =IF(Q11="","",Q11) -> 11A | Z11: =IF(R11="","",R11) -> Math | AA11: =IF(S11="","",S11) -> Jan | AB11: =IF(T11="","",T11) -> Wk.3 | AC11: =IF(U11="","",U11) -> 69.052632 | AF11: 11A | AG11: Skill | AH11: =IF(Table4[[#This Row],[Nilai]]="","",VLOOKUP(Table4[[#This Row],[Helper]],$I$5:$L$380,4,FALSE)) -> Feb | AI11: Wk.8 | AJ11: =AF11&AG11&AI11 -> 11ASkillWk.8 | AK11: =IFERROR(VLOOKUP(AJ11,$I$5:$N$380,6,),"") -> 76.73913
A12: 11A | B12: Karakter | C12: Jan | D12: Wk.3 | E12: 76.382353 | I12: =J12&K12&M12 -> 11AKarakterWk.3 | J12: =IF(A12="","",A12) -> 11A | K12: =IF(B12="","",B12) -> Karakter | L12: =IF(C12="","",C12) -> Jan | M12: =IF(D12="","",D12) -> Wk.3 | N12: =IF(E12="","",E12) -> 76.382353 | Q12: 11A | R12: Math | S12: Jan | T12: Wk.4 | U12: 59.404762 | X12: =Y12&Z12&AB12 -> 11AMathWk.4 | Y12: =IF(Q12="","",Q12) -> 11A | Z12: =IF(R12="","",R12) -> Math | AA12: =IF(S12="","",S12) -> Jan | AB12: =IF(T12="","",T12) -> Wk.4 | AC12: =IF(U12="","",U12) -> 59.404762 | AF12: 11A | AG12: Skill | AH12: =IF(Table4[[#This Row],[Nilai]]="","",VLOOKUP(Table4[[#This Row],[Helper]],$I$5:$L$380,4,FALSE)) -> Feb | AI12: Wk.9 | AJ12: =AF12&AG12&AI12 -> 11ASkillWk.9 | AK12: =IFERROR(VLOOKUP(AJ12,$I$5:$N$380,6,),"") -> 80
A13: 11A | B13: Karakter | C13: Jan | D13: Wk.4 | E13: 78.389831 | I13: =J13&K13&M13 -> 11AKarakterWk.4 | J13: =IF(A13="","",A13) -> 11A | K13: =IF(B13="","",B13) -> Karakter | L13: =IF(C13="","",C13) -> Jan | M13: =IF(D13="","",D13) -> Wk.4 | N13: =IF(E13="","",E13) -> 78.389831 | Q13: 11A | R13: Math | S13: Jan | T13: Wk.5 | U13: 52.5 | X13: =Y13&Z13&AB13 -> 11AMathWk.5 | Y13: =IF(Q13="","",Q13) -> 11A | Z13: =IF(R13="","",R13) -> Math | AA13: =IF(S13="","",S13) -> Jan | AB13: =IF(T13="","",T13) -> Wk.5 | AC13: =IF(U13="","",U13) -> 52.5 | AF13: 11A | AG13: Skill | AH13: =IF(Table4[[#This Row],[Nilai]]="","",VLOOKUP(Table4[[#This Row],[Helper]],$I$5:$L$380,4,FALSE)) | AI13: Wk.10 | AJ13: =AF13&AG13&AI13 -> 11ASkillWk.10 | AK13: =IFERROR(VLOOKUP(AJ13,$I$5:$N$380,6,),"")
A14: 11A | B14: Karakter | C14: Jan | D14: Wk.5 | E14: 72.178571 | I14: =J14&K14&M14 -> 11AKarakterWk.5 | J14: =IF(A14="","",A14) -> 11A | K14: =IF(B14="","",B14) -> Karakter | L14: =IF(C14="","",C14) -> Jan | M14: =IF(D14="","",D14) -> Wk.5 | N14: =IF(E14="","",E14) -> 72.178571 | Q14: 11A | R14: Math | S14: Feb | T14: Wk.6 | U14: 79.969697 | X14: =Y14&Z14&AB14 -> 11AMathWk.6 | Y14: =IF(Q14="","",Q14) -> 11A | Z14: =IF(R14="","",R14) -> Math | AA14: =IF(S14="","",S14) -> Feb | AB14: =IF(T14="","",T14) -> Wk.6 | AC14: =IF(U14="","",U14) -> 79.969697 | AF14: 11A | AG14: Skill | AH14: =IF(Table4[[#This Row],[Nilai]]="","",VLOOKUP(Table4[[#This Row],[Helper]],$I$5:$L$380,4,FALSE)) | AI14: Wk.11 | AJ14: =AF14&AG14&AI14 -> 11ASkillWk.11 | AK14: =IFERROR(VLOOKUP(AJ14,$I$5:$N$380,6,),"")
A15: 11A | B15: Karakter | C15: Feb | D15: Wk.6 | E15: 71.257143 | I15: =J15&K15&M15 -> 11AKarakterWk.6 | J15: =IF(A15="","",A15) -> 11A | K15: =IF(B15="","",B15) -> Karakter | L15: =IF(C15="","",C15) -> Feb | M15: =IF(D15="","",D15) -> Wk.6 | N15: =IF(E15="","",E15) -> 71.257143 | Q15: 11A | R15: Math | S15: Feb | T15: Wk.7 | U15: 56.818182 | X15: =Y15&Z15&AB15 -> 11AMathWk.7 | Y15: =IF(Q15="","",Q15) -> 11A | Z15: =IF(R15="","",R15) -> Math | AA15: =IF(S15="","",S15) -> Feb | AB15: =IF(T15="","",T15) -> Wk.7 | AC15: =IF(U15="","",U15) -> 56.818182 | AF15: 11A | AG15: Skill | AH15: =IF(Table4[[#This Row],[Nilai]]="","",VLOOKUP(Table4[[#This Row],[Helper]],$I$5:$L$380,4,FALSE)) | AI15: Wk.12 | AJ15: =AF15&AG15&AI15 -> 11ASkillWk.12 | AK15: =IFERROR(VLOOKUP(AJ15,$I$5:$N$380,6,),"")
A16: 11A | B16: Karakter | C16: Feb | D16: Wk.7 | E16: 73.227273 | I16: =J16&K16&M16 -> 11AKarakterWk.7 | J16: =IF(A16="","",A16) -> 11A | K16: =IF(B16="","",B16) -> Karakter | L16: =IF(C16="","",C16) -> Feb | M16: =IF(D16="","",D16) -> Wk.7 | N16: =IF(E16="","",E16) -> 73.227273 | Q16: 12A | R16: B.Indo | S16: Jan | T16: Wk.5 | U16: 83.888889 | X16: =Y16&Z16&AB16 -> 12AB.IndoWk.5 | Y16: =IF(Q16="","",Q16) -> 12A | Z16: =IF(R16="","",R16) -> B.Indo | AA16: =IF(S16="","",S16) -> Jan | AB16: =IF(T16="","",T16) -> Wk.5 | AC16: =IF(U16="","",U16) -> 83.888889 | AF16: 11A | AG16: Skill | AH16: =IF(Table4[[#This Row],[Nilai]]="","",VLOOKUP(Table4[[#This Row],[Helper]],$I$5:$L$380,4,FALSE)) | AI16: Wk.13 | AJ16: =AF16&AG16&AI16 -> 11ASkillWk.13 | AK16: =IFERROR(VLOOKUP(AJ16,$I$5:$N$380,6,),"")
... A23: 11A | B23: Teori | C23: Feb | D23: Wk.7 | E23: 64.344262 | I23: =J23&K23&M23 -> 11ATeoriWk.7 | J23: =IF(A23="","",A23) -> 11A | K23: =IF(B23="","",B23) -> Teori | L23: =IF(C23="","",C23) -> Feb | M23: =IF(D23="","",D23) -> Wk.7 | N23: =IF(E23="","",E23) -> 64.344262 | Q23: 12A | R23: Math | S23: Feb | T23: Wk.9 | U23: 90.333333 | X23: =Y23&Z23&AB23 -> 12AMathWk.9 | Y23: =IF(Q23="","",Q23) -> 12A | Z23: =IF(R23="","",R23) -> Math | AA23: =IF(S23="","",S23) -> Feb | AB23: =IF(T23="","",T23) -> Wk.9 | AC23: =IF(U23="","",U23) -> 90.333333 | AF23: 11A | AG23: Skill | AH23: =IF(Table4[[#This Row],[Nilai]]="","",VLOOKUP(Table4[[#This Row],[Helper]],$I$5:$L$380,4,FALSE)) | AI23: Wk.20 | AJ23: =AF23&AG23&AI23 -> 11ASkillWk.20 | AK23: =IFERROR(VLOOKUP(AJ23,$I$5:$N$380,6,),"")
A24: 11A | B24: Teori | C24: Feb | D24: Wk.8 | E24: 71.977778 | I24: =J24&K24&M24 -> 11ATeoriWk.8 | J24: =IF(A24="","",A24) -> 11A | K24: =IF(B24="","",B24) -> Teori | L24: =IF(C24="","",C24) -> Feb | M24: =IF(D24="","",D24) -> Wk.8 | N24: =IF(E24="","",E24) -> 71.977778 | X24: =Y24&Z24&AB24 | Y24: =IF(Q24="","",Q24) | Z24: =IF(R24="","",R24) | AA24: =IF(S24="","",S24) | AB24: =IF(T24="","",T24) | AC24: =IF(U24="","",U24) | AF24: 11A | AG24: Skill | AH24: =IF(Table4[[#This Row],[Nilai]]="","",VLOOKUP(Table4[[#This Row],[Helper]],$I$5:$L$380,4,FALSE)) | AI24: Wk.21 | AJ24: =AF24&AG24&AI24 -> 11ASkillWk.21 | AK24: =IFERROR(VLOOKUP(AJ24,$I$5:$N$380,6,),"")
A25: 11A | B25: Teori | C25: Feb | D25: Wk.9 | E25: 72.3 | I25: =J25&K25&M25 -> 11ATeoriWk.9 | J25: =IF(A25="","",A25) -> 11A | K25: =IF(B25="","",B25) -> Teori | L25: =IF(C25="","",C25) -> Feb | M25: =IF(D25="","",D25) -> Wk.9 | N25: =IF(E25="","",E25) -> 72.3 | X25: =Y25&Z25&AB25 | Y25: =IF(Q25="","",Q25) | Z25: =IF(R25="","",R25) | AA25: =IF(S25="","",S25) | AB25: =IF(T25="","",T25) | AC25: =IF(U25="","",U25) | AF25: 11A | AG25: Skill | AH25: =IF(Table4[[#This Row],[Nilai]]="","",VLOOKUP(Table4[[#This Row],[Helper]],$I$5:$L$380,4,FALSE)) | AI25: Wk.22 | AJ25: =AF25&AG25&AI25 -> 11ASkillWk.22 | AK25: =IFERROR(VLOOKUP(AJ25,$I$5:$N$380,6,),"")
A26: 11A | B26: Nalar | C26: Jan | D26: Wk.3 | E26: 66.555556 | I26: =J26&K26&M26 -> 11ANalarWk.3 | J26: =IF(A26="","",A26) -> 11A | K26: =IF(B26="","",B26) -> Nalar | L26: =IF(C26="","",C26) -> Jan | M26: =IF(D26="","",D26) -> Wk.3 | N26: =IF(E26="","",E26) -> 66.555556 | X26: =Y26&Z26&AB26 | Y26: =IF(Q26="","",Q26) | Z26: =IF(R26="","",R26) | AA26: =IF(S26="","",S26) | AB26: =IF(T26="","",T26) | AC26: =IF(U26="","",U26) | AF26: 11A | AG26: Skill | AH26: =IF(Table4[[#This Row],[Nilai]]="","",VLOOKUP(Table4[[#This Row],[Helper]],$I$5:$L$380,4,FALSE)) | AI26: Wk.23 | AJ26: =AF26&AG26&AI26 -> 11ASkillWk.23 | AK26: =IFERROR(VLOOKUP(AJ26,$I$5:$N$380,6,),"")
A27: 11A | B27: Nalar | C27: Jan | D27: Wk.4 | E27: 56.704545 | I27: =J27&K27&M27 -> 11ANalarWk.4 | J27: =IF(A27="","",A27) -> 11A | K27: =IF(B27="","",B27) -> Nalar | L27: =IF(C27="","",C27) -> Jan | M27: =IF(D27="","",D27) -> Wk.4 | N27: =IF(E27="","",E27) -> 56.704545 | X27: =Y27&Z27&AB27 | Y27: =IF(Q27="","",Q27) | Z27: =IF(R27="","",R27) | AA27: =IF(S27="","",S27) | AB27: =IF(T27="","",T27) | AC27: =IF(U27="","",U27) | AF27: 11A | AG27: Skill | AH27: =IF(Table4[[#This Row],[Nilai]]="","",VLOOKUP(Table4[[#This Row],[Helper]],$I$5:$L$380,4,FALSE)) | AI27: Wk.24 | AJ27: =AF27&AG27&AI27 -> 11ASkillWk.24 | AK27: =IFERROR(VLOOKUP(AJ27,$I$5:$N$380,6,),"")
A28: 11A | B28: Nalar | C28: Jan | D28: Wk.5 | E28: 68.068182 | I28: =J28&K28&M28 -> 11ANalarWk.5 | J28: =IF(A28="","",A28) -> 11A | K28: =IF(B28="","",B28) -> Nalar | L28: =IF(C28="","",C28) -> Jan | M28: =IF(D28="","",D28) -> Wk.5 | N28: =IF(E28="","",E28) -> 68.068182 | X28: =Y28&Z28&AB28 | Y28: =IF(Q28="","",Q28) | Z28: =IF(R28="","",R28) | AA28: =IF(S28="","",S28) | AB28: =IF(T28="","",T28) | AC28: =IF(U28="","",U28) | AF28: 11A | AG28: Skill | AH28: =IF(Table4[[#This Row],[Nilai]]="","",VLOOKUP(Table4[[#This Row],[Helper]],$I$5:$L$380,4,FALSE)) | AI28: Wk.25 | AJ28: =AF28&AG28&AI28 -> 11ASkillWk.25 | AK28: =IFERROR(VLOOKUP(AJ28,$I$5:$N$380,6,),"")
A29: 11A | B29: Nalar | C29: Feb | D29: Wk.6 | E29: 74.264706 | I29: =J29&K29&M29 -> 11ANalarWk.6 | J29: =IF(A29="","",A29) -> 11A | K29: =IF(B29="","",B29) -> Nalar | L29: =IF(C29="","",C29) -> Feb | M29: =IF(D29="","",D29) -> Wk.6 | N29: =IF(E29="","",E29) -> 74.264706 | X29: =Y29&Z29&AB29 | Y29: =IF(Q29="","",Q29) | Z29: =IF(R29="","",R29) | AA29: =IF(S29="","",S29) | AB29: =IF(T29="","",T29) | AC29: =IF(U29="","",U29) | AF29: 12A | AG29: Skill | AH29: =IF(Table4[[#This Row],[Nilai]]="","",VLOOKUP(Table4[[#This Row],[Helper]],$I$5:$L$380,4,FALSE)) | AI29: Wk.2 | AJ29: =AF29&AG29&AI29 -> 12ASkillWk.2 | AK29: =IFERROR(VLOOKUP(AJ29,$I$5:$N$380,6,),"")
A30: 11A | B30: Nalar | C30: Feb | D30: Wk.7 | E30: 70 | I30: =J30&K30&M30 -> 11ANalarWk.7 | J30: =IF(A30="","",A30) -> 11A | K30: =IF(B30="","",B30) -> Nalar | L30: =IF(C30="","",C30) -> Feb | M30: =IF(D30="","",D30) -> Wk.7 | N30: =IF(E30="","",E30) -> 70 | X30: =Y30&Z30&AB30 | Y30: =IF(Q30="","",Q30) | Z30: =IF(R30="","",R30) | AA30: =IF(S30="","",S30) | AB30: =IF(T30="","",T30) | AC30: =IF(U30="","",U30) | AF30: 12A | AG30: Skill | AH30: =IF(Table4[[#This Row],[Nilai]]="","",VLOOKUP(Table4[[#This Row],[Helper]],$I$5:$L$380,4,FALSE)) -> Jan | AI30: Wk.3 | AJ30: =AF30&AG30&AI30 -> 12ASkillWk.3 | AK30: =IFERROR(VLOOKUP(AJ30,$I$5:$N$380,6,),"") -> 65.740741
A31: 11A | B31: Nalar | C31: Feb | D31: Wk.8 | E31: 66.636364 | I31: =J31&K31&M31 -> 11ANalarWk.8 | J31: =IF(A31="","",A31) -> 11A | K31: =IF(B31="","",B31) -> Nalar | L31: =IF(C31="","",C31) -> Feb | M31: =IF(D31="","",D31) -> Wk.8 | N31: =IF(E31="","",E31) -> 66.636364 | X31: =Y31&Z31&AB31 | Y31: =IF(Q31="","",Q31) | Z31: =IF(R31="","",R31) | AA31: =IF(S31="","",S31) | AB31: =IF(T31="","",T31) | AC31: =IF(U31="","",U31) | AF31: 12A | AG31: Skill | AH31: =IF(Table4[[#This Row],[Nilai]]="","",VLOOKUP(Table4[[#This Row],[Helper]],$I$5:$L$380,4,FALSE)) -> Jan | AI31: Wk.4 | AJ31: =AF31&AG31&AI31 -> 12ASkillWk.4 | AK31: =IFERROR(VLOOKUP(AJ31,$I$5:$N$380,6,),"") -> 84
A32: 11A | B32: Skill | C32: Jan | D32: Wk.2 | E32: 67.555556 | I32: =J32&K32&M32 -> 11ASkillWk.2 | J32: =IF(A32="","",A32) -> 11A | K32: =IF(B32="","",B32) -> Skill | L32: =IF(C32="","",C32) -> Jan | M32: =IF(D32="","",D32) -> Wk.2 | N32: =IF(E32="","",E32) -> 67.555556 | X32: =Y32&Z32&AB32 | Y32: =IF(Q32="","",Q32) | Z32: =IF(R32="","",R32) | AA32: =IF(S32="","",S32) | AB32: =IF(T32="","",T32) | AC32: =IF(U32="","",U32) | AF32: 12A | AG32: Skill | AH32: =IF(Table4[[#This Row],[Nilai]]="","",VLOOKUP(Table4[[#This Row],[Helper]],$I$5:$L$380,4,FALSE)) -> Jan | AI32: Wk.5 | AJ32: =AF32&AG32&AI32 -> 12ASkillWk.5 | AK32: =IFERROR(VLOOKUP(AJ32,$I$5:$N$380,6,),"") -> 67.722222
A33: 11A | B33: Skill | C33: Jan | D33: Wk.3 | E33: 90 | I33: =J33&K33&M33 -> 11ASkillWk.3 | J33: =IF(A33="","",A33) -> 11A | K33: =IF(B33="","",B33) -> Skill | L33: =IF(C33="","",C33) -> Jan | M33: =IF(D33="","",D33) -> Wk.3 | N33: =IF(E33="","",E33) -> 90 | X33: =Y33&Z33&AB33 | Y33: =IF(Q33="","",Q33) | Z33: =IF(R33="","",R33) | AA33: =IF(S33="","",S33) | AB33: =IF(T33="","",T33) | AC33: =IF(U33="","",U33) | AF33: 12A | AG33: Skill | AH33: =IF(Table4[[#This Row],[Nilai]]="","",VLOOKUP(Table4[[#This Row],[Helper]],$I$5:$L$380,4,FALSE)) -> Feb | AI33: Wk.6 | AJ33: =AF33&AG33&AI33 -> 12ASkillWk.6 | AK33: =IFERROR(VLOOKUP(AJ33,$I$5:$N$380,6,),"") -> 75.333333
A34: 11A | B34: Skill | C34: Jan | D34: Wk.4 | E34: 55.333333 | I34: =J34&K34&M34 -> 11ASkillWk.4 | J34: =IF(A34="","",A34) -> 11A | K34: =IF(B34="","",B34) -> Skill | L34: =IF(C34="","",C34) -> Jan | M34: =IF(D34="","",D34) -> Wk.4 | N34: =IF(E34="","",E34) -> 55.333333 | X34: =Y34&Z34&AB34 | Y34: =IF(Q34="","",Q34) | Z34: =IF(R34="","",R34) | AA34: =IF(S34="","",S34) | AB34: =IF(T34="","",T34) | AC34: =IF(U34="","",U34) | AF34: 12A | AG34: Skill | AH34: =IF(Table4[[#This Row],[Nilai]]="","",VLOOKUP(Table4[[#This Row],[Helper]],$I$5:$L$380,4,FALSE)) -> Feb | AI34: Wk.7 | AJ34: =AF34&AG34&AI34 -> 12ASkillWk.7 | AK34: =IFERROR(VLOOKUP(AJ34,$I$5:$N$380,6,),"") -> 62.777778
A35: 11A | B35: Skill | C35: Jan | D35: Wk.5 | E35: 71.190476 | I35: =J35&K35&M35 -> 11ASkillWk.5 | J35: =IF(A35="","",A35) -> 11A | K35: =IF(B35="","",B35) -> Skill | L35: =IF(C35="","",C35) -> Jan | M35: =IF(D35="","",D35) -> Wk.5 | N35: =IF(E35="","",E35) -> 71.190476 | X35: =Y35&Z35&AB35 | Y35: =IF(Q35="","",Q35) | Z35: =IF(R35="","",R35) | AA35: =IF(S35="","",S35) | AB35: =IF(T35="","",T35) | AC35: =IF(U35="","",U35) | AF35: 12A | AG35: Skill | AH35: =IF(Table4[[#This Row],[Nilai]]="","",VLOOKUP(Table4[[#This Row],[Helper]],$I$5:$L$380,4,FALSE)) | AI35: Wk.8 | AJ35: =AF35&AG35&AI35 -> 12ASkillWk.8 | AK35: =IFERROR(VLOOKUP(AJ35,$I$5:$N$380,6,),"")
... A71: 12A | B71: Skill | C71: Feb | D71: Wk.7 | E71: 62.777778 | I71: =J71&K71&M71 -> 12ASkillWk.7 | J71: =IF(A71="","",A71) -> 12A | K71: =IF(B71="","",B71) -> Skill | L71: =IF(C71="","",C71) -> Feb | M71: =IF(D71="","",D71) -> Wk.7 | N71: =IF(E71="","",E71) -> 62.777778 | X71: =Y71&Z71&AB71 | Y71: =IF(Q71="","",Q71) | Z71: =IF(R71="","",R71) | AA71: =IF(S71="","",S71) | AB71: =IF(T71="","",T71) | AC71: =IF(U71="","",U71) | AF71: 11A | AG71: Teori | AH71: =IF(Table4[[#This Row],[Nilai]]="","",VLOOKUP(Table4[[#This Row],[Helper]],$I$5:$L$380,4,FALSE)) | AI71: Wk.20 | AJ71: =AF71&AG71&AI71 -> 11ATeoriWk.20 | AK71: =IFERROR(VLOOKUP(AJ71,$I$5:$N$380,6,),"")
I72: =J72&K72&M72 | J72: =IF(A72="","",A72) | K72: =IF(B72="","",B72) | L72: =IF(C72="","",C72) | M72: =IF(D72="","",D72) | N72: =IF(E72="","",E72) | X72: =Y72&Z72&AB72 | Y72: =IF(Q72="","",Q72) | Z72: =IF(R72="","",R72) | AA72: =IF(S72="","",S72) | AB72: =IF(T72="","",T72) | AC72: =IF(U72="","",U72) | AF72: 11A | AG72: Teori | AH72: =IF(Table4[[#This Row],[Nilai]]="","",VLOOKUP(Table4[[#This Row],[Helper]],$I$5:$L$380,4,FALSE)) | AI72: Wk.21 | AJ72: =AF72&AG72&AI72 -> 11ATeoriWk.21 | AK72: =IFERROR(VLOOKUP(AJ72,$I$5:$N$380,6,),"")
I73: =J73&K73&M73 | J73: =IF(A73="","",A73) | K73: =IF(B73="","",B73) | L73: =IF(C73="","",C73) | M73: =IF(D73="","",D73) | N73: =IF(E73="","",E73) | X73: =Y73&Z73&AB73 | Y73: =IF(Q73="","",Q73) | Z73: =IF(R73="","",R73) | AA73: =IF(S73="","",S73) | AB73: =IF(T73="","",T73) | AC73: =IF(U73="","",U73) | AF73: 11A | AG73: Teori | AH73: =IF(Table4[[#This Row],[Nilai]]="","",VLOOKUP(Table4[[#This Row],[Helper]],$I$5:$L$380,4,FALSE)) | AI73: Wk.22 | AJ73: =AF73&AG73&AI73 -> 11ATeoriWk.22 | AK73: =IFERROR(VLOOKUP(AJ73,$I$5:$N$380,6,),"")
I74: =J74&K74&M74 | J74: =IF(A74="","",A74) | K74: =IF(B74="","",B74) | L74: =IF(C74="","",C74) | M74: =IF(D74="","",D74) | N74: =IF(E74="","",E74) | X74: =Y74&Z74&AB74 | Y74: =IF(Q74="","",Q74) | Z74: =IF(R74="","",R74) | AA74: =IF(S74="","",S74) | AB74: =IF(T74="","",T74) | AC74: =IF(U74="","",U74) | AF74: 11A | AG74: Teori | AH74: =IF(Table4[[#This Row],[Nilai]]="","",VLOOKUP(Table4[[#This Row],[Helper]],$I$5:$L$380,4,FALSE)) | AI74: Wk.23 | AJ74: =AF74&AG74&AI74 -> 11ATeoriWk.23 | AK74: =IFERROR(VLOOKUP(AJ74,$I$5:$N$380,6,),"")
